-- MySQL dump 10.13  Distrib 8.0.42, for Win64 (x86_64)
--
-- Host: localhost    Database: Churo2_db
-- ------------------------------------------------------
-- Server version	8.0.42

/*!40101 SET @OLD_CHARACTER_SET_CLIENT=@@CHARACTER_SET_CLIENT */;
/*!40101 SET @OLD_CHARACTER_SET_RESULTS=@@CHARACTER_SET_RESULTS */;
/*!40101 SET @OLD_COLLATION_CONNECTION=@@COLLATION_CONNECTION */;
/*!50503 SET NAMES utf8mb4 */;
/*!40103 SET @OLD_TIME_ZONE=@@TIME_ZONE */;
/*!40103 SET TIME_ZONE='+00:00' */;
/*!40014 SET @OLD_UNIQUE_CHECKS=@@UNIQUE_CHECKS, UNIQUE_CHECKS=0 */;
/*!40014 SET @OLD_FOREIGN_KEY_CHECKS=@@FOREIGN_KEY_CHECKS, FOREIGN_KEY_CHECKS=0 */;
/*!40101 SET @OLD_SQL_MODE=@@SQL_MODE, SQL_MODE='NO_AUTO_VALUE_ON_ZERO' */;
/*!40111 SET @OLD_SQL_NOTES=@@SQL_NOTES, SQL_NOTES=0 */;

--
-- Table structure for table `counselingsummary`
--

DROP TABLE IF EXISTS `counselingsummary`;
/*!40101 SET @saved_cs_client     = @@character_set_client */;
/*!50503 SET character_set_client = utf8mb4 */;
CREATE TABLE `counselingsummary` (
  `summary_id` int NOT NULL AUTO_INCREMENT,
  `chat_id` int NOT NULL,
  `summary_text` text COLLATE utf8mb4_general_ci,
  `music_rec_id` int DEFAULT NULL,
  `drama_rec_id` int DEFAULT NULL,
  `action_plan` text COLLATE utf8mb4_general_ci,
  `created_at` timestamp NULL DEFAULT CURRENT_TIMESTAMP,
  PRIMARY KEY (`summary_id`),
  KEY `chat_id` (`chat_id`),
  CONSTRAINT `counselingsummary_ibfk_1` FOREIGN KEY (`chat_id`) REFERENCES `userchat` (`chat_id`)
) ENGINE=InnoDB DEFAULT CHARSET=utf8mb4 COLLATE=utf8mb4_general_ci;
/*!40101 SET character_set_client = @saved_cs_client */;

--
-- Dumping data for table `counselingsummary`
--

LOCK TABLES `counselingsummary` WRITE;
/*!40000 ALTER TABLE `counselingsummary` DISABLE KEYS */;
/*!40000 ALTER TABLE `counselingsummary` ENABLE KEYS */;
UNLOCK TABLES;

--
-- Table structure for table `drama`
--

DROP TABLE IF EXISTS `drama`;
/*!40101 SET @saved_cs_client     = @@character_set_client */;
/*!50503 SET character_set_client = utf8mb4 */;
CREATE TABLE `drama` (
  `drama_id` int NOT NULL AUTO_INCREMENT,
  `title` varchar(100) COLLATE utf8mb4_general_ci NOT NULL,
  `description` text COLLATE utf8mb4_general_ci,
  `poster_url` varchar(255) COLLATE utf8mb4_general_ci DEFAULT NULL,
  `emotion_genre` varchar(20) COLLATE utf8mb4_general_ci DEFAULT NULL,
  `rating` decimal(3,1) DEFAULT NULL,
  PRIMARY KEY (`drama_id`)
) ENGINE=InnoDB AUTO_INCREMENT=40 DEFAULT CHARSET=utf8mb4 COLLATE=utf8mb4_general_ci;
/*!40101 SET character_set_client = @saved_cs_client */;

--
-- Dumping data for table `drama`
--

LOCK TABLES `drama` WRITE;
/*!40000 ALTER TABLE `drama` DISABLE KEYS */;
INSERT INTO `drama` VALUES (1,'웬즈데이','똑똑하고 비꼬는 것에 도가 튼 웬즈데이 아담스. 암울함을 풍기는 그녀가 네버모어 아카데미에서 연쇄 살인 사건을 조사하기 시작한다. 새 친구도 사귀고, 앙숙도 만들며.','https://image.tmdb.org/t/p/w500/tNWCukAMubqisamYURvo5jw61As.jpg','기쁨',8.4),(2,'더 루키','이혼 후 은행 강도를 당한 일을 계기로 LAPD에 지원한 40세의 최고령 신입을 중심으로 펼쳐지는 이야기','https://image.tmdb.org/t/p/w500/uyuCMmAxNL3z3fyW4xzefT886Yu.jpg','기쁨',8.5),(3,'쉐임리스','미국 시카고 후미진 마을에서 힘겹게 살고 있는 싱글 대디 프랭크와 총명하고 독립적인 그의 여섯 자녀들의 리얼한 이야기','https://image.tmdb.org/t/p/w500/9ZTivNsXHQWVq578CIsvsM5zd08.jpg','슬픔',8.2),(4,'패밀리 가이','로드 아일랜드의 쿼호그라는 도시에서 살아가는 가장 피터, 아내 로이스, 장녀 메그, 차남 크리스, 막내 스튜이, 개 브라이언으로 이루어진 그리핀 가족과 그 주변인들의 일상을 다루고 있다.','https://image.tmdb.org/t/p/w500/1pbtcqNDKeWErfsDQo82pTPXQjT.jpg','불안',7.4),(5,'에이리언: 어스','공상과학 공포 시리즈 《에이리언: 어스》에서는 신비한 우주선이 지구에 불시착한 뒤 젊은 여자와 오합지졸 전술부대가 운명적인 발견을 하며 이 행성의 가장 큰 위협과 마주하게 된다. 사고 복구 팀은 잔해에서 생존자를 찾던 중 상상 이상으로 무서운 신비한 포식 생명체와 맞닥뜨린다. 새로 드러난 이 위협 앞에서 수색 팀은 생존을 위해 싸워야 하고, 이 발견에 대한 그들의 선택은 그들이 아는 지구를 완전히 바꿀 수 있다.','https://image.tmdb.org/t/p/w500/xZTP6fWXjHH0qy4n6iBtEdNsBkn.jpg','기쁨',7.8),(6,'내가 예뻐진 그 여름','매년 여름, 벨리와 가족들은 커즌즈에 있는 피셔스 가족의 해변 별장으로 향한다. 매년 똑같던 여름은 벨리가 16세가 되던 해에 달라진다. 관계가 시험대에 오르고, 고통스러운 진실이 드러나며, 벨리는 영원히 달라지고 만다. 첫사랑과 첫 실연, 그리고 성장의 여름이자, 벨리가 예뻐진 그 여름이다.','https://image.tmdb.org/t/p/w500/9yNgQH0hTsKyJv2HF1ZCVIBML7e.jpg','상처',8.2),(7,'로 앤 오더: 성범죄전담반','추악한 성범죄를 수사하는 뉴욕 경찰 성범죄전담수사반의 활약을 그린 드라마.','https://image.tmdb.org/t/p/w500/abWOCrIo7bbAORxcQyOFNJdnnmR.jpg','기쁨',7.9),(8,'미라큘러스 레이디버그','프랑스 파리를 배경으로, 백인 아버지와 중국인 어머니 사이에서 태어난 중국계 프랑스인 소녀, 마리네트 청이 ‘레이디버그’로 변신해 악당으로부터 파리를 지키는 내용이다.','https://image.tmdb.org/t/p/w500/2StXCVS3mm09HwRBWsee3QCz3TM.jpg','불안',8.0),(9,'괴수 8호','일상적으로 괴수가 사람들을 위협하는 세계. 괴수를 토벌하는 「일본 방위대」 입대를 지망하던 히비노 카프카는, 언제부턴가 그 꿈을 포기하고 괴수 전문 청소업자로서 일하고 있었다. 「둘이서 괴수를 전멸시키자」 어린 시절 그렇게 함께 맹세한 소꿉친구 아시로 미나가 제3부대 대장으로서 각광을 받고 있는 가운데, 그녀와 함께 싸울 수 없는 카프카는 자신이 한심하게 느껴졌다. 하지만, 방위대에 입대하려는 이치카와 레노와의 만남을 계기로 멈춰있던 카프카의 시간이 다시 움직이기 시작하는데..!...','https://image.tmdb.org/t/p/w500/zdJb0un6xmJF0coHgCd7AwjEhsT.jpg','기쁨',8.6),(10,'심슨 가족','1989년 12월 FOX에서 방영을 시작한 애니메이션. 미국의 스프링필드를 배경으로 먹는 걸 유난히 밝히고 게으르며 독특한 성격의 가장 호머, 항상 사고만 치고 다니는 남편과 아이들의 뒤치다꺼리를 도맡아 하는 엄마 마지, 하루라도 장난을 치지 않고 넘어가는 날이 없는 장난꾸러기 아들 바트, 나이에 비해 꽤나 어른스럽고 똑똑한 리사, 그리고 말은 한마디도 못하지만 의외의 대활약을 보여주는 막내 메기 등 각각의 개성 만점 가족 구성원들이 펼치는 극적인 하루하루를 그리고 있다.','https://image.tmdb.org/t/p/w500/7HKQieF8YqXgTwBVjWFGWaEKNS7.jpg','분노',8.0),(11,'킹 오브 더 힐','에미상 최우수 애니메이션 프로그램상 등 상을 휩쓸고, 약 50개국에 수출된 이 시리즈는 텍사스 알런의 행크 힐 가족과 이웃의 삶을 그린다. 성실하고 가정적인 남자 행크는 스트리클런드 프로페인의 대리로, 무능한 판매원들과 간섭하는 관료들, 공상적인 자유주의자들의 세계에서 유일하게 상식과 이성을 겸비한 블루칼라 노동자다. 행크의 아내 페기는 부동산업자, 스페인어 대체 교사, 패스트피치 소프트볼 투수, 지역 단어 게임 챔피언이자 공증인인 자신을 팔방미인으로 생각한다. 두 사람의 자랑이자 기쁨은 13살 아들 보비다. 이 가정은 행크의 18살 조카 루앤으로 완성된다. 행크는 종종 이웃 친구 데일, 빌, 그리고 붐하우어와 바비큐 옆에서 맥주를 마신다. 데일은 음모론에 빠진 해충 구제업자이고, 빌은 자존감이 낮고 외로운 이발병이다. 붐하우어는 알아듣기 힘든 말투에 남부식 록을 좋아하고 머슬카를 모는 카사노바다.','https://image.tmdb.org/t/p/w500/e2xyMapmYgv4AuSoSDv9Y4pQlD6.jpg','불안',7.4),(12,'영 셸던','\'빅뱅이론\'의 주인공 셸든 쿠퍼의 어린 시절을 다룬 이야기.','https://image.tmdb.org/t/p/w500/c9J6uYthPPYpBHjOVEEWg7MvMtY.jpg','상처',8.0),(13,'단다단','영매사 집안에 태어난 여고생?모모＜아야세 모모＞와, 같은 학교에 다니는 오컬트 매니아 오카룽<타카쿠라 켄>. 모모가 반에서 괴롭힘당하던 오카룽을 도와준 것을 계기로 이야기를 하게 된 두 사람이었지만 \'유령의 존재는 믿지만 우주인의 존재는 부정\'하는 모모와, \'우주인의 존재는 믿지만 유령의 존재는 부정\'하는 오카룽은 말다툼을 하게 된다.서로 존재를 부정하는 우주인과 유령의 존재를 믿게 만들기 위해 모모는 UFO 스폿인 폐병원에, 오카룽은 심령 스폿인 터널에 가게 된다.그곳에서 두 사람은 이해를 초월하는 압도적인 괴기와 조우한다. 궁지에 몰려 숨겨진 힘을 각성한 모모와 저주의 힘을 손에 넣은 오카룽이 닥쳐오는 괴기에 도전한다!운명적 사랑도 시작!?오컬틱 배틀 & 청춘 이야기, 개막!...','https://image.tmdb.org/t/p/w500/ztR1BJbFx5XZgbtX2Ii2y7jjT9X.jpg','슬픔',8.6),(14,'아만다 녹스: 뒤틀린 진실','미국 대학생 아만다 녹스의 이야기를 다룬 <아만다 녹스>는 교환학생으로 이탈리아에 도착한 후 몇 주 만에 살인 혐의로 부당하게 투옥된 그녀의 여정을 따라간다. 본 시리즈는 아만다가 자신의 결백을 증명하고 자유를 되찾기 위해 끈질기게 싸우는 과정과, 수사 당국과 세상이 어째서 그녀에게 확고한 유죄 판결을 내렸는지 심층적으로 분석한다.','https://image.tmdb.org/t/p/w500/rHYdzOi42faaNSOXuvsDbMkkrop.jpg','당황',7.1),(15,'하우스','2004년 11월 FOX에서 방영을 시작한 미스터리 의학 시리즈. 프린스턴 플레인즈보로 대학병원의 진단의학과 과장인 그레고리 하우스는 환자들을 성심성의껏 돌보는 데는 영 꽝인 의사. 사사건건 병원 원장인 리사 커디와 부딪히는 그는 못된 매너와 그 매너를 더욱 돋보이게 하는 외모로 유명하지만, 또한 창조적인 생각과 결점없는 의학적 본능을 유감없이 발휘하는 최고의 의사이기도 하다. 천재적인 분석능력을 갖춘 전염병 전문의로서 그가 이제 인명을 살리기 위한 흥미롭고 미스터리한 의학의 퍼즐을 풀어간다.','https://image.tmdb.org/t/p/w500/3Cz7ySOQJmqiuTdrc6CY0r65yDI.jpg','당황',8.6),(16,'아메리칸 대드!','랭글리 폴즈라는 도시에서 사는 CIA에서 근무하는 수꼴에 과대망상이 매우 심한 아버지(스탠 스미스)와 전형적인 금발백치 어머니(프랜신 스미스), 반항아에 좌빨인 장녀(헤일리 스미스)에 Nerd 아들(스티브 스미스), 변장을 좋아하는 양성애자자웅동체[1] 외계인(로저), 그리고 동독 스키점퍼의 기억을 가지고 있는 금붕어(클라우스 하이슬러)로 이루어진 스미스 가족과 그 주변인물들을 다루고 있다','https://image.tmdb.org/t/p/w500/j84ZtVRoxKWTsQUya77um4l8Dqs.jpg','슬픔',7.0),(17,'덱스터','2006년 10월 Showtime에서 방영을 시작한 심리 스릴러. 미국 마이에미 메트로 경찰서의 젊은 법의학자이자 마이애미에서 제일가는 혈흔분석가인 덱스터는, 사실 어릴때 겪은 참혹한 기억으로 혹은 자신의 표현대로라면 괴물 잡아먹는 괴물인 소시오패스로 법망을 피해 처벌받지 않은 범죄자들을 살해하는 연쇄 살인범이다. 경찰이었던 아버지의 가르침대로 자신의 본성을 숨기고 여동생 데브라와 함께 마이애미 메트로 경찰서에서 근무하던 어느 날, 온 몸의 피가 모조리 빠져나간 토막살인 시체가 발견되고, 덱스터는 이유는 알 수 없지만 이 사건에 끌리게 된다.','https://image.tmdb.org/t/p/w500/q8dWfc4JwQuv3HayIZeO84jAXED.jpg','기쁨',8.2),(18,'피스메이커','평화를 위해서라면 물불 안 가리는 괴팍한 안티히어로 피스메이커. 인류의 운명이 달린 프로젝트 버터플라이에 합류한 그가 은밀한 작전을 펼치며 슈퍼히어로와 슈퍼빌런 그 사이 어딘가에서 자신의 정체성을 찾아 간다.','https://image.tmdb.org/t/p/w500/gGxpw5SiHbM1vqcQzcaUClqrYVV.jpg','당황',8.2),(19,'그레이 아나토미','시애틀에 있는 병원 의사들의 삶에 대한 이야기. 의사로서의 감정과 개인적인 감정에 대한 묘사가 적절히 조화를 이루어 그려진다. 인턴이지만 결국 레지던트가 되는 메러디스 그레이는 시애틀 병원의 동료 의사들과 함께 사적, 직업적인 열정에 휩쓸리는 자신을 발견한다.','https://image.tmdb.org/t/p/w500/lCUvpSvjAPU82HvJ8XfR74Chv5r.jpg','당황',8.2),(20,'왕좌의 게임','2011년 4월 HBO에서 방영을 시작한 판타지물. 조지 R.R. 마틴의 얼음과 불의 노래를 원작으로 한다. 웨스테로스 대륙의 7개의 국가와 하위 몇 개의 국가들로 구성된 연맹 국가인 칠 왕국의 통치권, 철 왕좌를 차지하기 위한 싸움을 그려낸 드라마이다. 왕좌를 차지하기 위한 귀족 가문의 다툼 외에도 북부에 존재하는 미지의 위협인 백귀, 그리고 15년 전에 내전으로 인해 살해된 왕의 딸인 대너리스 타르가르옌이 자신이 추방당한 웨스테로스를 향해 왕권 회복을 도전하는 이야기가 함께 들어있다.','https://image.tmdb.org/t/p/w500/zmK5G0JdkL637VbaVPYFeEQ52qi.jpg','불안',8.5),(21,'릭 앤 모티','술에 절어 사는 천재 과학자 릭은 투정이 심한 10대 손자 모티를 데리고 외계와 대체 현실로 아슬아슬한 모험을 떠난다.','https://image.tmdb.org/t/p/w500/WGRQ8FpjkDTzivQJ43t94bOuY0.jpg','기쁨',8.7),(22,'괴짜가족 괴담일기','2012년 여름, 디퍼와 메이블의 부모님은 여름방학동안 쌍둥이 남매를 오리건 주의 \'그래비티 폴즈\'라는 시골의 삼촌 할아버지 댁으로 보낸다. 그곳에서 남매는 그들의 삼촌 할아버지인 스탠의 집 겸 관광지인 수수께끼 가게의 다락방에서 여름을 보내게 된다.\n\n스탠과 달리 평소 그래비티 폴즈에 대해 이상하게 생각했던 디퍼는 숲에서 표지에 황금색 육손 모양에 \'3\'이라고 적혀진 책을 발견하였는데, 거기엔 그래비티 폴즈의 온갖 미스터리에 대해 적혀 있었다. 남매는 새로 사귄 친구들과 그래비티 폴즈에서 괴상한 일을 겪으면서 의문점을 하나하나 풀어가게 되는 이야기이다.','https://image.tmdb.org/t/p/w500/dROdoUSfh819CpeV8AqvQCulMEj.jpg','슬픔',8.6),(23,'검볼','12살 사고뭉치 파란 고양이 검볼. 돈 버느라 언제나 바쁜 엄마. 게임과 TV에 빠진 철부지 아빠. 어리지만 똑소리 나는 여동생. 늘 검볼과 함께하는 금붕어 절친. 평범한 듯 특별한 검볼 가족의 시끌벅적한 일상을 그린 애니메이션.','https://image.tmdb.org/t/p/w500/VYnnyA2hyxi3VUPgCA71mMtt69.jpg','슬픔',8.5),(24,'환상과 환장의 발리우드','야심만만한 아웃사이더와 그의 친구들이 발리우드를 헤쳐 나간다. 혼란스럽고, 호사스럽고, 한 치도 앞을 내다볼 수 없는 세계의 문이 열린다. 눈을 뗄 수 없는 드라마 시리즈.','https://image.tmdb.org/t/p/w500/3Lyy9lbQuEE6RpWep2K1ozcjxjt.jpg','상처',0.0),(25,'두 남자와 1/2','자유로운 영혼이었던 찰리가 떠나간 이후, 앨런과 그의 아들 제이크에게 찾아온 앨런의 친구 월든이 다시금 새로운 가족으로 생활하게 되면서 벌어지는 코믹한 일상을 담은 시트콤','https://image.tmdb.org/t/p/w500/xgfjxyV3g1S68opzuvG6G87muDp.jpg','분노',7.4),(26,'사카모토 데이즈','한때 최강의 킬러라 불렸던 사카모토 타로. 사랑에 빠져 은퇴하지만 과거가 그의 발목을 잡기 시작한다. 이제, 사카모토는 사랑하는 가족을 지키기 위해 싸워야만 하는데.','https://image.tmdb.org/t/p/w500/ftasBbzJ2OBCVAN5iMwf6JN8vCJ.jpg','상처',8.1),(27,'프렌즈','1994년 5월 NBC에서 방영을 시작한 시트콤. 미국 뉴욕 시 맨해튼의 그리니치 빌리지의 아파트와 까페 센트럴 퍼크를 중심으로 2-30대의 세 명의 남자와 세 명의 여자의 우정과 사랑, 삶을 그렸다. 부잣집 맏딸이자 응석받이로 자라 온 레이첼은 결혼식을 앞두고 결혼 선물들을 쳐다보던 중 자신이 남편보다 결혼선물을 더 사랑한다는 사실을 깨닫고 회의감을 느끼게 된다. 이를 계기로 불현듯 결혼식에서 도망쳐 나오게 되고, 뉴욕에 아버지의 그늘을 피할 곳을 찾다가 결혼식 전 우연히 만난 고등학교 동창 모니카와 재회하게 된다.','https://image.tmdb.org/t/p/w500/2koX1xLkpTQM4IZebYvKysFW1Nh.jpg','슬픔',8.4),(28,'오피스','팬실베니아 스크랜튼에 위치한 사무용지 판매회사 던더 미플린의 스크랜턴 지점. 무미건조한 사무실에서 깐깐한 지점장과 독특한 캐릭터의 부하들이 벌이는 코믹 해프닝과 가슴 찡한 이야기가 펼쳐진다. BBC에서 방영된 동명 영국 시리즈의 할리우드 리메이크.','https://image.tmdb.org/t/p/w500/7DJKHzAi83BmQrWLrYYOqcoKfhR.jpg','상처',8.6),(29,'오징어 게임','빚에 쫓기는 수백 명의 사람들이 서바이벌 게임에 뛰어든다. 거액의 상금으로 새로운 삶을 시작하기 위해. 하지만 모두 승자가 될 순 없는 법. 탈락하는 이들은 치명적인 결과를 각오해야 한다.','https://image.tmdb.org/t/p/w500/yACIAqAkSLkX4coHafpyLWAtQjw.jpg','기쁨',7.9),(30,'NCIS','NCIS는 미국의 수사드라마 시리즈로 미해군과 해병대 관련 범죄수사를 담당하는 가상의 해군범죄수사대에 관한 드라마.','https://image.tmdb.org/t/p/w500/mBcu8d6x6zB1el3MPNl7cZQEQ31.jpg','기쁨',7.6),(31,'레귤러 쇼','큰 어치 모디카이와 아메리카너구리 릭비는 공원지기로 일하는 베스트프렌드 이다. 일은 대충대충하고 어떻게하면 신나게 놀지만 고민하는 것이 그들의 일상. 이 둘은 그들의 보스인 벤슨(검볼 자판기)과 동료인 스킵스(예티)를 항상 화나게 만들어 해고의 위협을 받지만 천진난만한 롤리팝 신사이자, 공원 소유자의 아들인 팝스를 즐겁게 만들어 주기 때문에 절대 해고되지 않는다!','https://image.tmdb.org/t/p/w500/tyMh2unqpwn50gXccrXzOwoqTPZ.jpg','불안',8.6),(32,'사우스 파크','사우스 파크 마을에 사는 꼬맹이 4인방. 생김새는 평범하지만 입은 거칠고 생각은 험하다. 정치, 연예, 문화, 시사까지 성역 없이 던져지는 녀석들의 돌직구. 사우스 파크만의 사이다 멘트와 블랙 유머가 살아있는 어른용 애니메이션.','https://image.tmdb.org/t/p/w500/dqAKFEjPEu7vWkVBkMdhGu9ifxU.jpg','상처',8.4),(33,'핀과 제이크의 어드벤처 타임','이 작품은 종말 이후의 세상인 우 랜드에서 살고 있는 인간 소년 핀과, 마법의 힘으로 몸의 크기와 모양을 자유자재로 변화할 수 있는 강아지 제이크의 모험을 다루고 있다. 워드는 핀을 ‘높은 도덕성을 가진 용맹한 어린 아이’라고 표현했고, 제이크는 영화 《미트볼》에서 빌 머리가 맡은 역할인 트리퍼 해리슨(Tripper Harrison)에서 영감을 받았다고 했다. 그 외 등장인물로는 캔디 왕국의 통치자인 버블검 공주, 악당이자 어딘가 이상한 얼음대왕, 록 음악을 좋아하는 뱀파이어 여왕 마르셀린 등이 있다.','https://image.tmdb.org/t/p/w500/11m6y2KdpnTJux0pStJ94GU1zQ7.jpg','불안',8.5),(34,'퍼피 구조대','퍼피구조대 대장 라이더와 용감한 여섯마리의 강아지 구조대의 이야기. 안전한 어드벤쳐 베이를 만들기 위한 라이더 대장과 여섯마리 귀여운 강아지 구조대의 끊임없는 연습과 도전! 경찰견 체이스와 소방견 마샬, 공사견 러블, 미화견 로키에 해양구조견 주마와 하늘을 나는 스카이까지! 여섯마리 강아지의 엉뚱발랄 신나는 구조활동을 지켜봐주세요!','https://image.tmdb.org/t/p/w500/juAmsE4GC6gql0L1HsDmABkLWuX.jpg','분노',7.0),(35,'틴 타이탄 GO!','10대 히어로들의 평범하지만 평범하지 않은 일상을 그린 틴 타이탄의 외전격인 애니메이션','https://image.tmdb.org/t/p/w500/udaLIJ6Na7GOHjvTlyP9JFPTccv.jpg','상처',6.5),(36,'신 도라에몽','도라에몽과 진구 친구의 이야기','https://image.tmdb.org/t/p/w500/vhythNI2xgNwXLmDvZzw6f48uPg.jpg','불안',8.0),(37,'피니와 퍼브','피니와 퍼브에게 불가능이란 없다! 말썽꾸러기 발명가 형제 피니와 퍼브의 좌충우돌 이야기','https://image.tmdb.org/t/p/w500/9zgv7u9L3Mzw2BDyfNaRLVmhHEo.jpg','상처',7.9),(38,'TV 동물농장','야생의 자연을 누비는, 혹은 우리 곁에서 함께 호흡하며 살아가는 수십만 종의 동물들! 인간과 밀접한 생활을 나누는 이들을 우리는 얼마나 진심으로 이해하고 있는가? 본 기획에서는 인간 중심의 사회에서 벗어나, 인간과 동물 그 진정한 커뮤니케이션을 추구하는 동물 전문 프로그램','https://image.tmdb.org/t/p/w500/7FZZHXxlujrtq3EUkP78tm5aVkX.jpg','분노',7.5),(39,'러그래츠','《러그래츠》(Rugrats)는 니켈로디언에서 방영된 미국의 텔레비전 애니메이션이다. 또한 이 작품의 스핀오프 작품으로 해당하는 《컸다, 러그래츠》(All Grown Up!)도 같은 채널에서 방영되었으며, 대한민국에서는 EBS가 수입하여 《야! 러그래츠》라는 이름으로 2001년부터 2010년까지 방영했다.\n\n아기들의 일상과 모험을 그린 애니메이션이다. 2001년에는 할리우드 명예의 거리 6600 Hollywood Blvd에 별이 놓여졌다.','https://image.tmdb.org/t/p/w500/wmsINbZuEBLNP2Z26Xffx5NHJpW.jpg','불안',7.6);
/*!40000 ALTER TABLE `drama` ENABLE KEYS */;
UNLOCK TABLES;

--
-- Table structure for table `emotionlog`
--

DROP TABLE IF EXISTS `emotionlog`;
/*!40101 SET @saved_cs_client     = @@character_set_client */;
/*!50503 SET character_set_client = utf8mb4 */;
CREATE TABLE `emotionlog` (
  `emotion_id` int NOT NULL AUTO_INCREMENT,
  `chat_id` int NOT NULL,
  `user_id` int NOT NULL,
  `dominant_emotion` varchar(20) COLLATE utf8mb4_general_ci DEFAULT NULL,
  `created_at` timestamp NULL DEFAULT CURRENT_TIMESTAMP,
  `joy_score` decimal(4,3) DEFAULT NULL,
  `sadness_score` decimal(4,3) DEFAULT NULL,
  `anger_score` decimal(4,3) DEFAULT NULL,
  `hurt_score` decimal(4,3) DEFAULT NULL,
  `embarrassed_score` decimal(4,3) DEFAULT NULL,
  `anxiety_score` decimal(4,3) DEFAULT NULL,
  PRIMARY KEY (`emotion_id`),
  KEY `chat_id` (`chat_id`),
  KEY `user_id` (`user_id`),
  CONSTRAINT `emotionlog_ibfk_1` FOREIGN KEY (`chat_id`) REFERENCES `userchat` (`chat_id`),
  CONSTRAINT `emotionlog_ibfk_2` FOREIGN KEY (`user_id`) REFERENCES `member` (`user_id`)
) ENGINE=InnoDB AUTO_INCREMENT=63 DEFAULT CHARSET=utf8mb4 COLLATE=utf8mb4_general_ci;
/*!40101 SET character_set_client = @saved_cs_client */;

--
-- Dumping data for table `emotionlog`
--

LOCK TABLES `emotionlog` WRITE;
/*!40000 ALTER TABLE `emotionlog` DISABLE KEYS */;
INSERT INTO `emotionlog` VALUES (1,26,4,'분노','2025-08-27 06:28:54',NULL,NULL,NULL,NULL,NULL,NULL),(2,27,4,'슬픔','2025-08-27 06:30:13',NULL,NULL,NULL,NULL,NULL,NULL),(3,28,4,'상처','2025-08-27 06:51:42',NULL,NULL,NULL,NULL,NULL,NULL),(4,29,5,'슬픔','2025-08-27 06:53:36',NULL,NULL,NULL,NULL,NULL,NULL),(5,30,6,'기쁨','2025-08-27 07:02:47',NULL,NULL,NULL,NULL,NULL,NULL),(6,31,6,'슬픔','2025-08-27 07:02:56',NULL,NULL,NULL,NULL,NULL,NULL),(7,32,6,'슬픔','2025-08-27 07:03:38',NULL,NULL,NULL,NULL,NULL,NULL),(8,33,6,'기쁨','2025-08-27 07:03:50',NULL,NULL,NULL,NULL,NULL,NULL),(9,34,7,'슬픔','2025-08-27 07:19:56',NULL,NULL,NULL,NULL,NULL,NULL),(10,35,7,'슬픔','2025-08-27 07:20:25',NULL,NULL,NULL,NULL,NULL,NULL),(11,36,8,'슬픔','2025-08-27 07:21:31',NULL,NULL,NULL,NULL,NULL,NULL),(12,37,8,'기쁨','2025-08-27 07:21:45',NULL,NULL,NULL,NULL,NULL,NULL),(13,38,5,'분노','2025-08-27 07:24:12',NULL,NULL,NULL,NULL,NULL,NULL),(14,39,8,'슬픔','2025-08-27 08:08:30',NULL,NULL,NULL,NULL,NULL,NULL),(15,40,4,'기쁨','2025-08-27 08:47:26',NULL,NULL,NULL,NULL,NULL,NULL),(16,41,5,'당황','2025-08-28 01:47:54',NULL,NULL,NULL,NULL,NULL,NULL),(17,42,5,'당황','2025-08-28 01:48:10',NULL,NULL,NULL,NULL,NULL,NULL),(18,43,5,'당황','2025-08-28 01:48:28',NULL,NULL,NULL,NULL,NULL,NULL),(19,44,4,'당황','2025-08-28 01:52:56',NULL,NULL,NULL,NULL,NULL,NULL),(20,45,4,'당황','2025-08-28 01:53:13',NULL,NULL,NULL,NULL,NULL,NULL),(21,46,4,'슬픔','2025-08-28 01:53:34',NULL,NULL,NULL,NULL,NULL,NULL),(22,47,3,'기쁨','2025-08-28 02:38:38',NULL,NULL,NULL,NULL,NULL,NULL),(23,48,3,'슬픔','2025-08-28 02:38:50',NULL,NULL,NULL,NULL,NULL,NULL),(24,49,3,'기쁨','2025-08-28 02:51:37',NULL,NULL,NULL,NULL,NULL,NULL),(25,50,3,'슬픔','2025-08-28 03:12:49',NULL,NULL,NULL,NULL,NULL,NULL),(26,51,3,'분노','2025-08-28 03:22:42',NULL,NULL,NULL,NULL,NULL,NULL),(27,52,3,'기쁨','2025-08-28 03:45:11',NULL,NULL,NULL,NULL,NULL,NULL),(28,53,3,'기쁨','2025-08-28 03:45:23',NULL,NULL,NULL,NULL,NULL,NULL),(29,54,6,'당황','2025-08-28 04:31:17',NULL,NULL,NULL,NULL,NULL,NULL),(30,55,3,'기쁨','2025-08-28 04:54:24',NULL,NULL,NULL,NULL,NULL,NULL),(31,56,4,'기쁨','2025-08-28 05:08:54',NULL,NULL,NULL,NULL,NULL,NULL),(32,57,5,'기쁨','2025-08-28 05:09:54',NULL,NULL,NULL,NULL,NULL,NULL),(33,58,5,'당황','2025-08-28 05:10:28',NULL,NULL,NULL,NULL,NULL,NULL),(34,59,5,'분노','2025-08-28 05:11:02',NULL,NULL,NULL,NULL,NULL,NULL),(35,60,10,'당황','2025-08-28 05:47:48',NULL,NULL,NULL,NULL,NULL,NULL),(36,61,4,'기쁨','2025-08-28 06:07:33',0.600,0.000,0.200,0.000,0.100,0.100),(37,62,3,'기쁨','2025-08-28 06:42:52',0.000,0.000,0.000,0.000,0.000,0.000),(38,63,3,'슬픔','2025-08-28 06:59:20',0.100,0.600,0.100,0.100,0.100,0.000),(39,64,3,'슬픔','2025-08-28 07:05:45',0.100,0.300,0.100,0.200,0.100,0.200),(40,66,8,'슬픔','2025-08-28 07:31:05',0.100,0.700,0.000,0.100,0.000,0.100),(41,65,7,'상처','2025-08-28 07:31:06',0.000,0.200,0.000,0.500,0.000,0.300),(42,67,11,'불안','2025-08-28 07:32:06',0.100,0.200,0.100,0.100,0.100,0.400),(43,68,11,'기쁨','2025-08-28 07:32:26',1.000,0.000,0.000,0.000,0.000,0.000),(44,69,8,'기쁨','2025-08-28 07:32:35',1.000,0.000,0.000,0.000,0.000,0.000),(45,70,8,'기쁨','2025-08-28 07:32:53',1.000,0.000,0.000,0.000,0.000,0.000),(46,71,6,'슬픔','2025-08-28 07:39:23',0.000,0.500,0.000,0.500,0.000,0.000),(47,72,3,'분노','2025-08-28 08:23:59',0.100,0.200,0.600,0.100,0.000,0.000),(48,73,4,'기쁨','2025-08-29 00:53:00',0.000,0.000,0.000,0.000,0.000,0.000),(49,75,7,'기쁨','2025-08-29 00:55:39',1.000,0.000,0.000,0.000,0.000,0.000),(50,77,7,'슬픔','2025-08-29 01:05:02',0.100,0.700,0.000,0.100,0.000,0.100),(51,78,7,'슬픔','2025-08-29 01:08:38',0.100,0.400,0.300,0.100,0.000,0.100),(52,79,7,'기쁨','2025-08-29 01:09:46',0.000,0.000,0.000,0.000,0.000,0.000),(53,80,7,'기쁨','2025-08-29 01:11:56',0.000,0.000,0.000,0.000,0.000,0.000),(54,81,7,'기쁨','2025-08-29 01:12:31',0.800,0.000,0.000,0.000,0.000,0.200),(55,82,7,'슬픔','2025-08-29 01:12:51',0.100,0.700,0.100,0.100,0.000,0.000),(56,83,7,'기쁨','2025-08-29 01:13:22',0.800,0.000,0.000,0.000,0.000,0.200),(57,84,7,'슬픔','2025-08-29 01:15:52',0.300,0.400,0.100,0.100,0.100,0.000),(58,85,7,'기쁨','2025-08-29 01:17:33',1.000,0.000,0.000,0.000,0.000,0.000),(59,86,7,'기쁨','2025-08-29 01:18:00',0.167,0.167,0.167,0.167,0.167,0.167),(60,87,5,'슬픔','2025-08-29 01:21:50',0.000,0.900,0.000,0.100,0.000,0.000),(61,88,5,'슬픔','2025-08-29 01:22:12',0.000,0.900,0.000,0.100,0.000,0.000),(62,89,5,'슬픔','2025-08-29 01:22:25',0.000,0.800,0.000,0.100,0.000,0.100);
/*!40000 ALTER TABLE `emotionlog` ENABLE KEYS */;
UNLOCK TABLES;

--
-- Table structure for table `guest`
--

DROP TABLE IF EXISTS `guest`;
/*!40101 SET @saved_cs_client     = @@character_set_client */;
/*!50503 SET character_set_client = utf8mb4 */;
CREATE TABLE `guest` (
  `user_id` int NOT NULL AUTO_INCREMENT,
  `created_at` timestamp NULL DEFAULT CURRENT_TIMESTAMP,
  `ip_address` varchar(50) COLLATE utf8mb4_general_ci DEFAULT NULL,
  PRIMARY KEY (`user_id`)
) ENGINE=InnoDB DEFAULT CHARSET=utf8mb4 COLLATE=utf8mb4_general_ci;
/*!40101 SET character_set_client = @saved_cs_client */;

--
-- Dumping data for table `guest`
--

LOCK TABLES `guest` WRITE;
/*!40000 ALTER TABLE `guest` DISABLE KEYS */;
/*!40000 ALTER TABLE `guest` ENABLE KEYS */;
UNLOCK TABLES;

--
-- Table structure for table `hospital`
--

DROP TABLE IF EXISTS `hospital`;
/*!40101 SET @saved_cs_client     = @@character_set_client */;
/*!50503 SET character_set_client = utf8mb4 */;
CREATE TABLE `hospital` (
  `hospital_id` int NOT NULL AUTO_INCREMENT,
  `name` varchar(100) COLLATE utf8mb4_general_ci NOT NULL,
  `latitude` decimal(10,7) DEFAULT NULL,
  `longitude` decimal(10,7) DEFAULT NULL,
  `phone` varchar(50) COLLATE utf8mb4_general_ci DEFAULT NULL,
  `website_url` varchar(255) COLLATE utf8mb4_general_ci DEFAULT NULL,
  PRIMARY KEY (`hospital_id`)
) ENGINE=InnoDB DEFAULT CHARSET=utf8mb4 COLLATE=utf8mb4_general_ci;
/*!40101 SET character_set_client = @saved_cs_client */;

--
-- Dumping data for table `hospital`
--

LOCK TABLES `hospital` WRITE;
/*!40000 ALTER TABLE `hospital` DISABLE KEYS */;
/*!40000 ALTER TABLE `hospital` ENABLE KEYS */;
UNLOCK TABLES;

--
-- Table structure for table `member`
--

DROP TABLE IF EXISTS `member`;
/*!40101 SET @saved_cs_client     = @@character_set_client */;
/*!50503 SET character_set_client = utf8mb4 */;
CREATE TABLE `member` (
  `user_id` int NOT NULL AUTO_INCREMENT,
  `login_id` varchar(50) COLLATE utf8mb4_general_ci NOT NULL,
  `name` varchar(50) COLLATE utf8mb4_general_ci DEFAULT NULL,
  `gender` varchar(10) COLLATE utf8mb4_general_ci DEFAULT NULL,
  `age` int DEFAULT NULL,
  `address` varchar(255) COLLATE utf8mb4_general_ci DEFAULT NULL,
  `created_at` timestamp NULL DEFAULT CURRENT_TIMESTAMP,
  `password` varchar(255) COLLATE utf8mb4_general_ci NOT NULL,
  `ip_address` varchar(50) COLLATE utf8mb4_general_ci DEFAULT NULL,
  `latitude` decimal(10,7) DEFAULT NULL,
  `longitude` decimal(10,7) DEFAULT NULL,
  `role` varchar(20) COLLATE utf8mb4_general_ci DEFAULT NULL,
  PRIMARY KEY (`user_id`),
  UNIQUE KEY `login_id` (`login_id`)
) ENGINE=InnoDB AUTO_INCREMENT=18 DEFAULT CHARSET=utf8mb4 COLLATE=utf8mb4_general_ci;
/*!40101 SET character_set_client = @saved_cs_client */;

--
-- Dumping data for table `member`
--

LOCK TABLES `member` WRITE;
/*!40000 ALTER TABLE `member` DISABLE KEYS */;
INSERT INTO `member` VALUES (3,'testuser','테스트','M',25,'서울','2025-08-27 01:22:14','1234',NULL,NULL,NULL,'user'),(4,'bhjin97','배형진','M',29,'아이그로스','2025-08-27 03:24:19','1234',NULL,NULL,NULL,'user'),(5,'jihui','김지희','F',32,'서울','2025-08-27 06:53:07','1234',NULL,NULL,NULL,'user'),(6,'hongsh2003','홍수현','F',22,'니 마음속','2025-08-27 07:02:32','1234',NULL,NULL,NULL,'user'),(7,'zosh1122','김다은','F',20,'서울시 동작구 노량진동','2025-08-27 07:19:35','1234',NULL,NULL,NULL,'user'),(8,'dldmsdud','이은영','F',0,'아이그로스','2025-08-27 07:21:16','1234',NULL,NULL,NULL,'user'),(9,'admin','관리자','male',35,'서울시 강남구','2025-08-28 01:30:35','admin123','192.168.1.100',NULL,NULL,'admin'),(10,'root1234','사석훈','M',26,'서울','2025-08-28 05:47:21','root1234',NULL,NULL,NULL,'user'),(11,'ylee','ylee','M',0,'','2025-08-28 07:31:32','ylee',NULL,NULL,NULL,'user'),(12,'csh7484','조설훈','M',28,'서울특별시 영등포구','2025-08-28 07:53:03','123456789',NULL,NULL,NULL,'user'),(13,'guest','게스트',NULL,NULL,NULL,'2025-08-29 00:08:03','',NULL,NULL,NULL,'guest'),(14,'hello','뿌링클','Other',3,'BHC','2025-08-29 00:40:06','0000',NULL,NULL,NULL,'user'),(15,'bbang','으악','M',0,'공공칠빵','2025-08-29 00:42:27','0',NULL,NULL,NULL,'user'),(16,'나아니','','M',0,'','2025-08-29 00:44:09','!',NULL,NULL,NULL,'user'),(17,'0000','','M',0,'','2025-08-29 00:44:51','',NULL,NULL,NULL,'user');
/*!40000 ALTER TABLE `member` ENABLE KEYS */;
UNLOCK TABLES;

--
-- Table structure for table `movie`
--

DROP TABLE IF EXISTS `movie`;
/*!40101 SET @saved_cs_client     = @@character_set_client */;
/*!50503 SET character_set_client = utf8mb4 */;
CREATE TABLE `movie` (
  `movie_id` int NOT NULL AUTO_INCREMENT,
  `title` varchar(100) COLLATE utf8mb4_general_ci NOT NULL,
  `description` text COLLATE utf8mb4_general_ci,
  `poster_url` varchar(255) COLLATE utf8mb4_general_ci DEFAULT NULL,
  `emotion_genre` varchar(20) COLLATE utf8mb4_general_ci DEFAULT NULL,
  `rating` decimal(3,1) DEFAULT NULL,
  `emotion_num` int DEFAULT NULL,
  PRIMARY KEY (`movie_id`)
) ENGINE=InnoDB AUTO_INCREMENT=218 DEFAULT CHARSET=utf8mb4 COLLATE=utf8mb4_general_ci;
/*!40101 SET character_set_client = @saved_cs_client */;

--
-- Dumping data for table `movie`
--

LOCK TABLES `movie` WRITE;
/*!40000 ALTER TABLE `movie` DISABLE KEYS */;
INSERT INTO `movie` VALUES (1,'우주전쟁','전설적인 동명 소설을 새롭게 재해석한 이번 작품은 거대한 침공의 서막을 알린다. 에바 롱고리아와 전설적인 래퍼이자 배우 아이스 큐브, 그리고 마이클 오닐과 이만 벤슨이 합류해, 기술과 감시, 사생활이라는 현대적 주제를 아우르는 짜릿한 우주급 모험을 선보인다.','https://image.tmdb.org/t/p/w500/yvirUYrva23IudARHn3mMGVxWqM.jpg','기쁨',4.2,1),(2,'F1 더 무비','한때 주목받는 유망주였지만 끔찍한 사고로 F1®에서 우승하지 못하고 한순간에 추락한 드라이버 소니 헤이스. 그의 오랜 동료인 루벤 세르반테스에게 레이싱 복귀를 제안받으며 최하위 팀인 APXGP에 합류한다.  그러나 팀 내 떠오르는 천재 드라이버 조슈아 피어스와 소니 헤이스의 갈등은 날이 갈수록 심해지고. 설상가상 우승을 향한 APXGP 팀의 전략 또한 번번이 실패하며 최하위권을 벗어나지 못하고 고전하는데···','https://image.tmdb.org/t/p/w500/idhIZtest5NCeuFVAAgeOKqQiDP.jpg','불안',7.8,6),(3,'슈퍼맨','슈퍼맨은 오늘도 세계 곳곳의 위협에 맞서 싸우지만, 시민들의 반응은 극과 극으로 갈린다. 한편, 렉스 루터는 슈퍼맨을 무너뜨릴 비밀을 손에 넣고 역대 최강의 슈퍼-빌런들과 함께 총 공격에 나선다. 슈퍼맨은 첫 패배와 함께 이들의 계속된 공세에 직면하고 모든 것을 바로잡기 위해 슈퍼독 크립토와 함께 맞서게 되는데... 과연 그는 이 전례 없는 위기에서 다시 날아오를 수 있을까?','https://image.tmdb.org/t/p/w500/kCXGCEsDqjzWJVDyHgBUg0AMetT.jpg','불안',7.6,6),(4,'미션 임파서블: 파이널 레코닝','디지털상의 모든 정보를 통제할 수 있는 사상 초유의 무기로 인해 전 세계 국가와 조직의 기능이 마비되고, 인류 전체가 위협받는 절체절명의 위기가 찾아온다. 이를 막을 수 있는 건 오직 존재 자체가 기밀인 에단 헌트와 그가 소속된 IMF뿐이다. 무기를 무력화하는 데 반드시 필요한 키를 손에 쥔 에단 헌트. 오랜 동료 루터와 벤지, 그리고 새로운 팀원이 된 그레이스, 파리, 드가와 함께 지금껏 경험했던 그 어떤 상대보다도 강력한 적에 맞서 모두의 운명을 건 불가능한 미션에 뛰어든다.','https://image.tmdb.org/t/p/w500/5Zxdorl5TharlI9S47YxoKzGCsi.jpg','불안',7.2,1),(5,'이니 미니','20세기 스튜디오에서 선사하는 ?이니 미니?는 십 대 시절 도주 운전을 맡았던 주인공이 갱생 불가인 전 남자 친구의 목숨을 살리기 위해 옛 고용주의 제안을 받아들여 끔찍한 과거 생활로 끌려가는 아주 거친 초스피드 스릴러다. ?이니 미니?의 각본과 감독은 숀 시몬스가 맡았고, 제목인 \'이니 미니\'로 불리는 이디 역은 사마라 위빙이 맡는다. 칼 글루스맨, 저메인 파울러, 마숀 린치, 랜들 박, 스티브 잔과 앤디 가르시아도 출연한다. 렛 리스, 폴 워닉, 마티 유잉이 프로듀서를 맡았다.','https://image.tmdb.org/t/p/w500/12Va3oO3oYUdOd75zM57Nx1976a.jpg','슬픔',6.7,3),(6,'쥬라기 월드: 새로운 시작','지구 최상위 포식자가 된 공룡들이 인간 세상으로 나온 5년 후, 인간과 공룡의 위태로운 공존이 이어지는 가운데 인류를 구할 신약 개발을 위해 육지, 하늘, 바다를 지배하는 가장 거대한 공룡들의 DNA가 필요하게 된다. 불가능한 미션 수행을 위해 조라와 헨리 박사 그리고 던컨은 공룡들을 추적하며 지구상에서 가장 위험한 섬에 도착하고 폐쇄된 쥬라기 공원의 연구소가 감추어 온 충격적인 진실을 마주하게 되는데...','https://image.tmdb.org/t/p/w500/ygr4hE8Qpagv8sxZbMw1mtYkcQE.jpg','당황',6.4,5),(7,'배드 가이즈 2','착하게 살기 위해 무지하게 애쓰는 자타공인 최고의 나쁜 녀석들이 새롭게 등장한 \'배드 걸즈\'로 인해 일생일대의 글로벌 범죄 작전에 휘말리며 벌어지는 범죄오락액션 블록버스터','https://image.tmdb.org/t/p/w500/1oG69MtmZGovhho0pPgRY9d1qrU.jpg','기쁨',7.8,1),(8,'극장판 귀멸의 칼날: 무한성편','혈귀로 변해버린 여동생 네즈코를 인간으로 되돌리기 위해 혈귀를 사냥하는 조직인 《귀살대》에 입대한 카마도 탄지로. 입대 후 동료인 아가츠마 젠이츠, 하시비라 이노스케와 함께 많은 혈귀와 싸우고, 성장하면서 세 사람의 우정과 유대는 깊어진다. 탄지로는 《귀살대》 최고위 검사인 《주》와도 함께 싸웠다. 「무한열차」에서는 염주?렌고쿠 쿄쥬로, 「유곽」에서는 음주?우즈이 텐겐, 「도공 마을」에서는 하주?토키토 무이치로, 연주?칸로지 미츠리와 함께 혈귀를 상대로 격렬한 전투를 벌였다. 그 후 다가올 혈귀와의 결전에 대비해 귀살대원들과 함께 《주》가 주도하는 합동 강화 훈련에 참가해 훈련을 받던 도중 《귀살대》의 본부인 우부야시키 저택에 나타난 키부츠지 무잔. 어르신의 위기에 달려온 《주》들과 탄지로였지만, 무잔의 술수로 의문의 공간으로 떨어지고 말았는데. 탄지로 일행이 떨어진 곳, 그곳은 혈귀의 본거지 《무한성》─ “귀살대”와 “혈귀”의 최종 결전의 포문이 열린다.','https://image.tmdb.org/t/p/w500/m6Dho6hDCcL5KI8mOQNemZAedFI.jpg','슬픔',7.1,3),(9,'골드러시 갱','2차 세계 대전이 끝나갈 무렵, 한 무리의 무법자들과 그들을 이끄는 리더가 일본 군대와 숙적에 맞서 금을 가득 실은 기차를 털고자 한다.','https://image.tmdb.org/t/p/w500/eK9T4CEh4YYhmOXI4NAFdEerpb4.jpg','분노',6.4,2),(10,'스트라이킹 레스큐','평범한 시민 바이 안(토니 자)의 아내와 딸이 마약 밀매범들에게 무참하게 살해 당하자 분노에 찬 바이 안은 조직 보스의 딸을 납치하며 복수를 꾀하는데..','https://image.tmdb.org/t/p/w500/npLvwol2oZGLc0VeYYxJ72KXYwY.jpg','분노',7.6,2),(11,'???','A mother and daughter encounter a demon in a village where girls have been disappearing.','https://image.tmdb.org/t/p/w500/kc5n7LJUmvBsVxzAla1ONN8kouP.jpg','상처',6.8,4),(12,'엘리오','세상 그 어디에서도 소속감을 느끼지 못한 채, 외계인의 납치를 꿈꾸는 외톨이 소년 엘리오. 그러던 어느 날 작은 오해로 인해 지구 대표로 우주에 소환되고, 그곳에서 자신과는 너무도 다른 특별한 존재 글로든을 만나 처음으로 마음을 나눌 친구를 갖게 된다.  낯설지만 따뜻한 우주에서 꿈같은 나날들을 보내던 엘리오 앞에 온 우주를 위험에 빠뜨릴 크나큰 위기가 닥쳐오는데...','https://image.tmdb.org/t/p/w500/ymd7E8ZRXOfOpJ418rgGtEdVmEN.jpg','기쁨',7.0,1),(13,'드래곤 길들이기','수백년간 지속되어온 바이킹과 드래곤의 전쟁. 드래곤을 없애는 것이 삶의 모든 목적인 바이킹들과 다른 신념을 가진 \'히컵\'은 무리 속에 속하지 못하고 족장인 아버지에게도 인정받지 못한다. 그러던 어느 날, 히컵은 베일에 싸인 전설의 드래곤 나이트 퓨어리인 \'투슬리스\'와 만나게 되고, 드래곤을 죽이라는 바이킹의 신념을 깨고 \'투슬리스\'와 친구가 된다. 하지만 드래곤을 죽여야 된다고 믿는 바이킹 족과 모든 드래곤을 위협하는 더 거대한 존재와 맞닥뜨리게 된 \'히컵\'과 \'투슬리스\'. 세상을 변화시키기 위한 특별한 여정을 시작하게 되는데... 다르다는 건, 특별하다는 것. 세상을 바꿀 우리들의 모험이 시작된다!','https://image.tmdb.org/t/p/w500/8vywrRg1wrY4fo7EqgrFmUJgchG.jpg','기쁨',8.0,1),(14,'오시리스','작전을 수행 중이던 특수부대 요원들이 정체불명의 우주선에 의해 갑작스럽게 납치된다. 눈을 뜬 그들은 외계 우주선 안에서 자신들이 무자비한 외계 종족의 사냥감이 되었음을 깨닫고, 생존을 위한 처절한 사투에 나서게 된다.','https://image.tmdb.org/t/p/w500/3YtZHtXPNG5AleisgEatEfZOT2w.jpg','슬픔',6.6,3),(15,'케이팝 데몬 헌터스','케이팝 슈퍼스타 루미, 미라, 조이. 매진을 기록하는 대형 스타디움 공연이 없을 때면 이들은 또 다른 활동에 나선다. 바로 비밀 능력을 이용해 팬들을 초자연적 위협으로부터 보호하는 것.','https://image.tmdb.org/t/p/w500/k7DCwySN2XGZ67qcz2ADbgmGwzG.jpg','기쁨',8.4,1),(16,'웨폰','평범한 수요일, 어느 마을 학교의 같은 반 학생 17명이 등교하지 않는다. 그날 새벽 2시 17분, 잠에서 깬 아이들이 어둠 속으로 달려가 돌아오지 않았기 때문이다. 유일하게 남은 아이는 입을 다물고, 사라진 아이들을 찾으려는 이들은 악몽 같은 현실을 마주하게 되는데…','https://image.tmdb.org/t/p/w500/4Kk006xbaZ7DUKYrLicM2b3fAWw.jpg','불안',7.5,6),(17,'호스타일 테이크오버','전설적인 킬러 피트(Pete Strykyr)는 어느 날 조직의 보스가 자신을 ‘배신자’로 오해하면서 숨통이 조여온다. 도시를 뒤흔드는 암살자들의 맹공 속에서, 그는 즉석에서 펼쳐지는 살벌한 격투와 어두운 유머, 그리고 예측 불가한 반전과 마주한다. 치명적인 밤을 헤치고 진실을 밝히려는 그의 사투가 시작된다.','https://image.tmdb.org/t/p/w500/vntwlS3CAKfoLTs90GaoK6lymBC.jpg','분노',7.6,2),(18,'Night Carnage','A blogger who is also a werewolf meets a dashing playboy with a dark secret of his own. Starring Logan Andrews and Christian Howard.','https://image.tmdb.org/t/p/w500/w0wjPQKhlqisSbylf1sWZiNyc2h.jpg','슬픔',5.8,3),(19,'판타스틱 4: 새로운 출발','1960년대, 전 세계적인 관심 속 우주로 떠난 4명의 엘리트 우주비행사 ‘리드 리처드’, ‘수잔 스톰’, ‘조니 스톰’, ‘벤 그림’은 예기치 못한 사고로 우주 방사능에 노출되면서 초인적인 능력을 갖게 된다. 신체를 자유자재로 변형할 수 있게 된 ‘리드 리처드’(미스터 판타스틱)부터 온몸이 투명해지고, 강력한 방어막을 형성하는 ‘수잔 스톰’(인비저블 우먼), 온몸으로 뜨거운 화염을 내뿜으며 비행 능력까지 지닌 ‘조니 스톰’(휴먼 토치), 그리고 바위 같은 엄청난 피지컬과 압도적 파워를 갖춘 ‘벤 그림’(씽)까지 ‘판타스틱4’라는 새로운 슈퍼 히어로 팀이 된 4명의 멤버들. 인생에 완전히 새로운 국면을 맞이하게 되면서 혼란과 갈등에 휩싸인 이들 앞에 행성 파괴자 ‘갤럭투스’의 위협을 전달하는 미스터리한 전령 ‘실버서퍼’가 등장해 지구 파괴를 예고하고 ‘판타스틱 4’는 세상을 구하기 위해 다 함께 힘을 모으게 되는데…','https://image.tmdb.org/t/p/w500/sHgIQvDlk5188wo9jM8IKFeyJUd.jpg','기쁨',5.9,1),(20,'사조영웅전: 협지대자','오랜 세월 떠돌며 무공을 쌓다가 조국 남송으로 돌아온 난세의 영웅 ‘곽정’. 과거의 인연을 매정하게 뒤로하고 남송을 집어삼키려는 야욕을 숨기지 않는 ‘대칸’. 두 무림 강호들은 전란의 소용돌이 속에서 같은 하늘 아내 단 하나의 진정한 영웅을 가리기 위해 한치도 물러설 수 없는 전쟁을 시작한다.','https://image.tmdb.org/t/p/w500/atVsPpLfHrz3koIRfeZMqWVZDmu.jpg','분노',7.2,6),(21,'Rob1n','When a robotics expert channels the grief of losing his 11 year-old son into building \'Robin\', a fully functioning robotic doll, a series of horrific events makes it clear Robin will do whatever it takes to have his creator all to himself.','https://image.tmdb.org/t/p/w500/5lJ2ftNE18iYGCdOQsQirzHHtnX.jpg','슬픔',6.7,3),(22,'더 픽업','서로 삐걱대는 두 명의 무장 트럭 운전기사 러셀 과 트래비스 가 조이 가 이끄는 무자비한 범죄자들에게 습격당하며 이들의 일상적인 현금 수송 업무는 위험천만해진다. 혼돈의 상황에서 이 의외의 듀오는 성격 차이를 극복하며 점점 꼬여가는 최악의 하루를 버텨내야 한다.','https://image.tmdb.org/t/p/w500/5nzV0j5nDywpoUfCcBHvnWzGNbL.jpg','분노',5.2,2),(23,'릴로 & 스티치','보송보송한 파란 솜털, 호기심 가득한 큰 눈, 장난기 가득한 웃음을 가졌지만 가장 위험한 실험체 취급을 받던 스티치는 우주에서 도망쳐 지구의 하와이 섬에 불시착하게 된다. 단짝 친구를 원하던 외톨이 소녀 릴로는 별똥별과 함께 나타난 귀여운 파란색 강아지 스티치와 소중한 친구이자, 하나의 가족이 되어가며 외로웠던 일상이 유쾌하게 변하기 시작한다. 그러던 어느 날, 스티치를 잡아 우주로 되돌아가려는 정체불명의 요원들이 등장하고 릴로와 스티치는 예상치 못한 상황을 마주하게 되는데..!','https://image.tmdb.org/t/p/w500/ww7jn7lv1YzTAGd5m0R6CP1VXAs.jpg','기쁨',6.5,1),(25,'메간 2.0','강제 종료 후 다시 돌아온 돌AI ‘메간’. 쌍돌AI ‘아멜리아’의 위협으로 ‘메간’의 유일한 친구 ‘케이디’ 목숨이 위태로워지자 ‘젬마’의 기술로 완전히 새롭게 진화한 메간이 다시 태어난다.','https://image.tmdb.org/t/p/w500/5dDIFCUsDD5rFvBmT8Hl3bwXAm0.jpg','당황',8.0,5),(26,'너에게로 가는 길','완벽한 계획이 서 있는 인생을 시작하기에 앞서 친구들과 함께 유럽 여행을 떠난 젊은 여성 헤더는 잭과 우연히 마주친다. 두 사람 사이에는 즉시 로맨스의 불꽃이 튀고, 깊은 감정적 여정이 시작된다. 비밀과 삶의 선택지들은 점차 깊어지는 두 사람의 마음을 시험하고, 헤더의 앞길을 영영 바꿔놓는다. J. P. 모닝거의 소설 원작.','https://image.tmdb.org/t/p/w500/gcfRlj215gUWxrEq9UxFiREwtWX.jpg','기쁨',7.6,1),(27,'스머프','언제나 노래와 춤, 흥으로 가득한 해피 스머프 마을. 그러던 어느 날, 마을을 이끄는 ‘파파 스머프’가 거대한 소용돌이에 휘말려 납치된다. 특별한 재능도, 좋아하는 것도 없이 아직 이름조차 없는 ‘그냥 스머프’는 세상 힙한 스머프 ‘스머페트’와 함께 온갖 위험이 도사리는 인간 세상으로 ‘파파 스머프’ 구출 작전에 나선다.  한편, 오랜 세월 스머프를 노려온 마법사 \'가가멜’과 새롭게 등장한 그의 동생 ‘라자멜’까지 더욱 강력해진 악당들에 맞서기 위해 스머프 친구들은 도시부터 사막, 우주를 넘나들며 진정한 모험을 시작하는데...','https://image.tmdb.org/t/p/w500/1lQHA18T32JyIonQUkSWhMwinjm.jpg','기쁨',6.7,1),(29,'베스트 키드: 레전드','엄마와 뉴욕으로 건너간 10대 소년 리퐁이 무술 대결을 위해 쿵후와 가라테의 전설들과 함께 훈련을 하면서 벌어지는 이야기를 다룬 극영화','https://image.tmdb.org/t/p/w500/AEgggzRr1vZCLY86MAp93li43z.jpg','기쁨',6.5,1),(30,'봉신연의 II: 서기전란','주왕조와 은나라의 패권 다툼이 본격화되는 가운데, 주나라의 근거지인 서기(西岐)는 거센 전쟁의 불길에 휩싸인다.  무너져가는 질서 속에서 인간과 신, 요괴가 얽힌 복잡한 음모가 펼쳐지고, 봉신대전은 더욱 격렬해진다.  강력한 마력을 지닌 이들 ‘마족(魔族)’의 군세가 서기를 위협하며, 전설의 영웅들은 각자의 운명을 걸고 싸움에 뛰어든다.  신과 인간, 왕권과 정의가 충돌하는 전장 한복판에서, 젊은 영웅들은 진정한 ‘봉신(封神)’의 의미를 깨닫게 된다.  서기의 운명과 봉신의 미래를 결정지을, 피할 수 없는 신들의 전쟁이 시작된다.','https://image.tmdb.org/t/p/w500/5bBgvH3hTxlANUsLP1ov0lEKmJp.jpg','분노',7.1,2),(31,'발레리나','살해당한 아버지의 복수를 원하는 이브는 전설적인 킬러 존 윅을 배출한 암살자 양성 조직 루스카 로마에서 혹독한 훈련을 거쳐 발레리나이자 킬러로 성장한다. 아버지의 죽음에 얽힌 자들을 쫓던 이브는 루스카 로마를 뛰어넘는 거대한 조직의 정체를 알아차리게 되고, 킬러들의 표적이 된 이브의 눈앞에 존 윅이 나타나는데…','https://image.tmdb.org/t/p/w500/f9iSnN9yiedMgjGX4wQnHk3GZpB.jpg','분노',6.3,2),(32,'아이스 로드: 벤전스','“빙하 위에 펼쳐진 새롭고 위험한 여정”  얼어붙은 도로 대신, 네팔의 설산 ‘하늘로 가는 길’이 배경이다. 첫 번째 영화에서의 비극 이후, 마이크 맥캔(리암 니슨 분)은 형의 유언을 따라 그의 유골을 히말라야 만년설에 뿌리기로 결심한다. 그곳에서 만난 산악 가이드 다니(판 빙빙 분)와 함께, 그는 설산을 횡단하는 관광 버스를 운전하며 설원을 가로지른다. 그런데 뜻하지 않게 만나게 된 용병 집단의 계략은 평화를 위협하고, 마이크는 탑승객과 마을 사람들을 위해 다시 한 번 몸을 던지게 된다. 거친 산길 위에서 벌어지는 긴장감 넘치는 추적과 대결, 그리고 인간애가 교차하며 숨 막히는 순간들을 이어가는데… 그리고 마침내 그가 마주하게 될 진실은…?','https://image.tmdb.org/t/p/w500/cQN9rZj06rXMVkk76UF1DfBAico.jpg','슬픔',7.4,3),(33,'파이널 데스티네이션: 블러드라인','끝없는 악몽에 시달리던 스테파니는 그 원인을 찾던 중 집안 대대로 내려오는 죽음의 저주와 그 실체를 알게 된다. 놀랍게도, 죽음의 순서가 자신의 가족에게 이어졌음을 알게 되는데...  이제, 다음 차례는 누구?','https://image.tmdb.org/t/p/w500/agaIglFrRGuUQOzkhzlrvcjJgt2.jpg','슬픔',6.9,3),(34,'옥스퍼드에서의 날들','옥스퍼드에서 공부하고 싶다는 꿈을 이루게 된 야심 찬 미국인 여성. 그런데 비밀을 감춘 매력적인 영국인과 사랑에 빠지면서, 완벽한 계획에 따라 살아가던 인생이 뒤흔들리기 시작한다.','https://image.tmdb.org/t/p/w500/tgpxUR69dwNAvuQZxDfiNlYWClP.jpg','당황',7.2,5),(35,'Shadow of God','While performing an unauthorized exorcism on his father, an elite exorcist suspects the entity he\'s doing battle with might be a holy being ? perhaps even God.','https://image.tmdb.org/t/p/w500/vi6LF8rTdU4DeYrXTtUBqG9gFnX.jpg','상처',7.2,4),(36,'28년 후','28년 전 생물학 무기 연구소에서 세상을 재앙으로 몰아넣은 바이러스가 유출된 후, 일부 생존자들이 모여 철저히 격리된 채 살아가는 섬 홀리 아일랜드. 이곳에서 태어나 한 번도 섬 밖을 나가 본 적 없는 소년 스파이크는 어느 날 섬을 떠나 본토에 발을 들이게 되고 난생처음 바이러스에 잠식된 세상을 마주하게 된다. 변이된 바이러스는 10,228일의 시간 동안 감염자들을 더욱 충격적으로 진화시켰고 스파이크는 그 실체를 목격하며 극강의 공포에 휩싸이게 되는데...','https://image.tmdb.org/t/p/w500/zRo90O0bTKJem1aDgVa6Sm0gthE.jpg','분노',5.8,2),(37,'포풍추영','첨단 감시 시스템과 삼엄한 보안망을 무력화하고, 수십억을 탈취한 정체불명의 범죄 조직. 통제 불능의 범죄에 마카오 경찰은 결국 은퇴한 전설의 범죄 추적 전문가 ‘황더중’에게 도움을 요청한다. 황더중은 신입 경찰 ‘허추궈’와 함께 최정예 감시반을 구성해, 범죄 조직의 수장 ‘푸룽성’을 추적하기 시작한다. 하지만 수사망이 조여올수록 상대의 덫과 함정은 더욱 교묘해지고, 예상치 못한 반격 속에 황더중 역시 추적당하기 시작하는데…','https://image.tmdb.org/t/p/w500/pUCkdO40PWHdvU1GEYV6ywY7li2.jpg','당황',6.8,5),(38,'브링 허 백','아빠의 죽음 후 새엄마에게 입양된 남매 앤디와 파이퍼. 평화로운 집, 따뜻한 보금자리에서의 안식도 잠시 새엄마는 두 남매 사이를 갈라놓으며 앤디와 파이퍼를 혼란에 빠트린다. 고립된 집, 집 안 곳곳에서 발견되는 정체를 알 수 없는 의식의 흔적들, 새엄마가 숨긴 끔찍한 비밀이 드러나면서 남매를 극한의 공포 상황으로 몰아붙이기 시작하는데… 보지 말아야 할 것을 본 두 사람은 과연 살아남을 수 있을까!','https://image.tmdb.org/t/p/w500/A4W0yRN7Xy6JLIhRymIh5plK2Zj.jpg','상처',7.5,4),(39,'버려진 남자','범죄를 저지른 사람은 형이지만, 가족의 요구로 그 죄를 대신 뒤집어쓰고 복역한 바란. 출소한 후에 새로운 삶을 시작하려 하지만 상처 입은 영혼은 시간이 흘러도 치유되지 않는다. 바란에게 삶은 쉽지 않았고 감옥에서 나온 후에도 상황은 마찬가지인데. 그래도 그의 꿈과 삶의 버팀목인 정비소를 열고 싶은 마음, 전환점이 된 가족의 사고, 그리고 그의 벽을 허물어 준 조카가 있어 바란은 점점 새로운 삶을 재건해 나갈 수 있게 된다. 힘든 문제가 많았지만, 리드야와 자신을 위해 고군분투하는 과정에서 바란의 삶과 그의 상처 입은 어린 시절이 조금씩 회복되어 나간다.','https://image.tmdb.org/t/p/w500/5uA8mPM1Dp2vSkdHqlBGvZ3M8Ob.jpg','상처',7.4,4),(40,'Popeye\'s Revenge','The legend of Popeye haunts a group of counsellors as they intend to open a summer camp.','https://image.tmdb.org/t/p/w500/aHHCXbPjI6xHJoo5fkBNmPm2lo1.jpg','당황',6.7,5),(41,'Marriage Unplugged','Unhappy in their marriage, Suzanna and Andrew buy a male sex robot called James, who consequently uncovers the deep fractures in their relationship.','https://image.tmdb.org/t/p/w500/3H99Wl52sBPRqXZ3LJjgODOLfwX.jpg','슬픔',5.2,3),(42,'트리플 엑스','싸이렌이 온 거리를 울려 퍼지며 요란한 추격씬이 벌어지는 도중 한 녀석이 콜벳를 몰고 다리를 돌진, 200미터 높이에서 자동차 번지를 시도한다. 짜릿한 곡예를 선보인 후 낙하산을 펴고 유유히 사라지는 녀석의 이름은 \'젠더 케이지\'. 인터넷에 생방송된 이 장면은 전세계 네티즌들에게 열렬한 환호를 받는다. 또 한 번의 멋진 프로젝트로 영웅 대접을 받는 젠더 케이지. 그러나 파티가 무르익을 무렵, 갑자기 들이닥친 특수부대는 그에게 신경 안정제를 쏜 후 잠들게 한다. 깨어난 곳은 알 수 없는 레스토랑. 어리둥절한 그 곳은 갑자기 강도들의 침입장으로 돌변하고, 단숨에 상황을 정리해버린 그에게 기븐스가 축하 인사를 전한다. 미국 비밀첩보국 NSA의 1차 테스트를 통과한 것. 이후 또 다시 잠에서 깨어난 곳은 비행기 안. 2번째 테스트로 콜럼비아 마약 밀매상의 아지트에 던져진 젠더 케이지. 때마침 콜럼비아 정부와 마약상들의 충돌로 아수라장이 된 그곳에서 살아남기 위한 치열한 전쟁이 펼쳐지는데...  상황종료 후 유유히 나타난 기븐스는 NSA의 테스트를 유일하게 통과한 그에게 비밀요원이 되어줄 것을 부탁한다. 단 그렇지 않을 경우는 감옥행뿐이라는 단서를 둔다. 젠더 케이지의 코드명은 트리플 X. 첫번째 임무지는 비밀요원의 무덤이라는 별칭을 가지고 있는 도시 프라하. 이제 얼떨결에 비밀요원이 되어버린 트리플 X의 위험한 여정이 시작되는데.','https://image.tmdb.org/t/p/w500/xeEw3eLeSFmJgXZzmF2Efww0q3s.jpg','불안',7.0,6),(43,'Victoria','Victoria is a woman betrayed, now on a mission for revenge and destroying anything that gets in her way.','https://image.tmdb.org/t/p/w500/aOSTW7ZitFAff06mZVXUnktejHY.jpg','상처',6.0,4),(44,'머더 컴퍼니: 살인 중대','1944년 제82 공수단은 노르망디 상륙작전을 위해 나치 수송대의 사령관을 제거하는 특명을 받는다. 공수단과 레지스탕스로 결성된 혼성부대는 일명 살인중대로 불리며 매복을 모두 각개격파한다. 그리고 마침내 나치 수송대에 침투하는데…  비공식 작전 실화를 만난다','https://image.tmdb.org/t/p/w500/vP4mAXeJmBb5PkmcQ2XUQWrmVHE.jpg','불안',6.3,6),(45,'썬더볼츠*','어벤져스가 사라진 후, 세계 최대의 위협과 마주한 세상을 구하기 위해 전직 스파이, 암살자, 살인 청부 업자 등 마블의 별난 놈들이 펼치는 예측불허 팀플레이를 담은 액션 블록버스터','https://image.tmdb.org/t/p/w500/1lI4iDsaVnOnnZPI9igWkL8jHPL.jpg','기쁨',7.1,6),(46,'스퍼마게돈: 사정의 날','평범한 10대 청소년이 짝사랑하던 여자와 마침내 첫 관계를 가지게 되면서 비상이 된 정자들의 세계를 그린 애니메이션','https://image.tmdb.org/t/p/w500/xXJjuZwSI6O6r4MnnCZuSmEJfiy.jpg','당황',5.7,5),(47,'밤은 늘 찾아온다','주거비 상승으로 가족이 더는 살 수 없게 된 도시. 집에서 쫓겨날 위기에 처한 한 여성이 2만 5천 달러를 구하기 위해 밤새 사투를 벌인다. 시간이 갈수록 상황은 점점 더 위태로워진다.','https://image.tmdb.org/t/p/w500/vy5BJ2Vl82KNgUTYkcZEZg7Eorr.jpg','슬픔',7.4,3),(48,'????','Sonu Model, a renowned beautician from the old city, is forced to disguise himself as Laila, leading to a series of comedic, romantic, and action-packed events. Chaos ensues in this hilarious laugh riot','https://image.tmdb.org/t/p/w500/l4gsNxFPGpzbq0D6QK1a8vO1lBz.jpg','당황',6.2,5),(49,'Shaman','A Missionary converting an Indigenous Community in a remote Ecuadorian volcano must come to terms with her own Faith when her son is possessed by dark forces older than her own religion.','https://image.tmdb.org/t/p/w500/ltLqm9f9Ma3iCFmfXNHenzPEqda.jpg','슬픔',7.1,3),(50,'슬픔이여 안녕','At the height of summer, 18-year-old Cecile is relaxing by the French seaside with her father and falling in love with her new boyfriend. The arrival of her late mother\'s enigmatic friend turns her world upside down.','https://image.tmdb.org/t/p/w500/bHqkaTLL1aPcpMzbvu8kFckEpi.jpg','상처',6.1,4),(51,'프리키 프라이데이 2','엄마 테스와 딸 애나가 서로 몸이 바뀌는 대환장 바디 체인지를 겪은 지도 어느덧 22년이 흐른 지금. 성공한 심리학자로서 첫 책 출간을 앞두고 책 사인회를 준비 중인 테스. 팝스타 매니저이자 싱글맘인 애나는 스타 셰프 에릭과 결혼을 앞두고 있지만, 애나의 딸 하퍼와 에릭의 딸 릴리는 이들의 결혼을 극구 반대한다. 한편, 진정한 하나의 가족이 되기 위해 한 지붕 아래 낯선 동거가 시작되고, 크고 작은 갈등이 이어지는 와중 설상가상 네 명의 몸이 모두 뒤바뀌며 혼란스러운 시간을 보내게 되는데… 과연 이들은 이번에도 무사히 돌아올 수 있을까?','https://image.tmdb.org/t/p/w500/cMOP2GgqyEzSmSgHcPBSJmMmNw.jpg','당황',5.8,5),(52,'해피 길모어 2','해피 길모어가 골프를 그만뒀을까? 천만의 말씀. 다혈질의 골프 레전드로 분한 애덤 샌들러가 이번에는 아이의 꿈을 위해 다시 골프채를 휘두른다.','https://image.tmdb.org/t/p/w500/ynT06XivgBDkg7AtbDbX1dJeBGY.jpg','상처',5.6,4),(53,'브라이드 하드','Sam is a secret agent whose toughest mission to date is pleasing her bride-to-be best friend at a lavish destination wedding. When a team of mercenaries crashes the party and takes the guests hostage, Sam is thrown into a fight unlike any before ? one where she can’t risk blowing her cover or ruining the big day. As she takes on the bad guys in a high-stakes battle disguised as a fairy-tale affair, she realizes the real threat might be closer than she thinks.','https://image.tmdb.org/t/p/w500/3mExdWLSxAiUCb4NMcYmxSkO7n4.jpg','슬픔',6.1,3),(54,'밤보다 더 아름다운 낮','Real-life young couple Wim and Floor spend an afternoon in the sunwashed rooms of a crumbling home in Belgium. In a unique twist, this artistic erotic documentary is edited in nearly real-time. In the slowness, we get the build, the sweetness, and the sexiness. Forget about fingersnapping fast editing. Slow is where it’s at.','https://image.tmdb.org/t/p/w500/uCkANtG6ezb7hjRKVudY3PUcbvn.jpg','불안',6.9,6),(55,'노바디 2','가족과 소홀해지는 걸 느낀 ‘허치’. 오랜만에 가족들과 떠나는 여름 휴가지는 유년 시절의 추억이 깃든 ‘플러머빌’. 꿀 같은 휴식을 꿈꿨지만 평온은 온데간데없고… 사건만 터지는데. 일도 가족도 고단한 아저씨의 휴가를 쟁탈하기 위한 싸움이 시작된다.','https://image.tmdb.org/t/p/w500/vBKQuGX0nrx9p8H3j3GGojDYoKH.jpg','불안',6.7,6),(56,'A MINECRAFT MOVIE 마인크래프트 무비','왕년의 게임 챔피언이었지만 지금은 폐업 직전의 게임샵 주인이 된 \'개릿\'과 엄마를 잃고 낯선 동네로 이사 온 남매 \'헨리\'와 \'나탈리\' 그리고 그들을 돕는 부동산 중개업자 \'던\'. 이들은 ‘개릿’이 수집한 ‘큐브’가 내뿜는 신비한 빛을 따라가다 어느 폐광 속에 열린 포털을 통해 미지의 공간으로 빨려들어간다. 산과 나무, 구름과 달, 심지어 꿀벌까지 상상하는 모든 것이 네모난 현실이 되는 이곳은 바로 ‘오버월드’. 일찍이 이 세계로 넘어와 완벽하게 적응한 ‘스티브’를 만난 네 사람은 지하세계 ‘네더’를 다스리는 마법사 ‘말고샤’의 침공으로 ‘오버월드’가 위험에 빠졌다는 사실을 알게 된다. 현실 세계로 돌아가기 위해서는 일단 살아남아야 하는 법! 다섯 명의 ‘동글이’들은 ‘오버월드’를 구하기 위해 힘을 합치게 되는데…','https://image.tmdb.org/t/p/w500/k5aQ2TqKcQFwPoXHkpAGoKNVDLZ.jpg','당황',5.7,5),(57,'Dirty Ice Cream','Villagers are experiencing an extreme heat. Two hot ice cream vendors come to the village to sell ice cream. With electricity out, the women of the subdivision take turns having the vendors satisfy their every needs.','https://image.tmdb.org/t/p/w500/i3QnOr3d9FHxCGunOyqxnzrgxCW.jpg','슬픔',6.0,3),(58,'유령','1933년, 일제강점기 경성. 항일조직 흑색단의 스파이인 유령이 비밀리에 활약하고 있다. 새로 부임한 경호대장 카이토는 흑색단의 총독 암살 시도를 막기 위해 조선총독부 내의 유령을 잡으려는 덫을 친다. 영문도 모른 채, 유령으로 의심받고 벼랑 끝 외딴 호텔에 갇힌 용의자들. 총독부 통신과 감독관 쥰지, 암호문 기록 담당 차경, 정무총감 비서 유리코, 암호 해독 담당 천계장, 통신과 직원 백호. 이들에게 주어진 시간은 단 하루 뿐. 기필코 살아나가 동지들을 구하고 총독 암살 작전을 성공시켜야 하는 유령과 무사히 집으로 돌아가고 싶은 이들 사이, 의심과 경계는 점점 짙어지는데…','https://image.tmdb.org/t/p/w500/yIwKMwAA3XESJSvnVnhlchVTWC9.jpg','상처',7.3,4),(59,'나의 잘못','노아는 남자 친구와 친구들이 있는 동네를 뒤로하고 엄마의 새 부자 남편 저택으로 이사를 가게 된다. 의붓오빠 닉과는 첫 만남부터 삐걱댔지만 곧 서로에게 이끌려 금지된 관계를 맺는다. 반항심과 고뇌로 가득 찬 그들의 인생은 송두리째 흔들리고 둘은 결국 뜨거운 사랑에 빠진다.','https://image.tmdb.org/t/p/w500/duT8Vks5FXwDkpxoR84xb2a6VB6.jpg','기쁨',6.4,1),(60,'나타지마동강세','태을진인의 실수로 영주(선) 대신 마환(악)은 이정의 아들 나타로 환생한다. 3년 후, 천겁을 맞고 사라져야 할 운명을 타고난 나타는 마을을 혼란에 빠트려 사람들의 미움을 사게 된다. 세상에 파멸을 가져올 운명을 짊어진 나타의 마지막은 과연…','https://image.tmdb.org/t/p/w500/ztWc4QvzEatqhGnQT98FsICc8rD.jpg','당황',5.3,5),(181,'사이트','폐허가 된 정부 실험장에서 벌어진 섬뜩한 사건 이후, 한 작은 마을의 가장은 정체를 알 수 없는 환영에 시달리기 시작한다. 그가 목격하는 것은 과거의 단편적인 장면들. 하지만 그 기억들은 점점 더 선명해지고, 현재의 삶을 무너뜨릴 위협으로 다가온다. 현실과 환각의 경계가 무너지는 가운데, 그는 과거의 진실을 마주해야만 한다.','https://image.tmdb.org/t/p/w500/wydPRb0Zs4lBANfvu0iEEpxULyv.jpg','분노',6.9,2),(182,'머티리얼리스트','잘나가는 커플매니저 루시. 고객의 결혼식에서 소위 ‘유니콘’이라 불리는 뉴욕 최고의 싱글남 해리에게 대시를 받는다. 같은 날, 같은 장소, 결혼식장에서 서빙 아르바이트를 하던 전남친 존과 마주치면서 루시는 예상하지 못한 고민이 시작되는데…','https://image.tmdb.org/t/p/w500/QhGn8LntSVpxFFSw7KU3SEscQm.jpg','불안',7.8,6),(183,'할로우 로드','어느 늦은 밤, 한 통의 다급한 전화가 부모의 일상을 송두리째 뒤흔든다. 딸 앨리스가 끔찍한 교통사고를 냈다는 사실을 알 게 된 프랭크와 매디 부부는 즉시 그녀를 찾아 나선다.','https://image.tmdb.org/t/p/w500/dVsgV7ak6vR5xyXFggooJQinXBg.jpg','슬픔',7.9,3),(184,'나, 너 그리고 우리','한때 사랑했던 프랭크와 헬렌은 오랜 시간이 흐른 후 각자 다른 남녀를 만나 결혼했지만, 중년이 되어 다시 만나게 된다. 서로 몇년 전 배우자를 잃은 프랭크와 헬렌은 우연히 만나 사랑을 꽃피우고 결혼을 약속한다.','https://image.tmdb.org/t/p/w500/1SfsoUYXRRrfL31br8q4DlTYvKK.jpg','기쁨',6.3,1),(185,'워킹맨','전직 블랙 옵스 요원이었던 레본 케이드(제이슨 스타뎀)는 평범한 건설 노동자로 살아가며 딸과 함께 조용한 삶을 추구하고 있었으나 그의 상사의 딸이 인신매매 조직에 의해 납치되면서, 다시 과거의 전투 기술을 사용해 그녀를 구하기 위해 나서게 된다. 이 과정에서 시카고의 범죄 조직과 러시아 마피아와 얽히며, 부패와 폭력으로 가득 찬 어두운 세계를 마주하게 되는데...','https://image.tmdb.org/t/p/w500/i54YydkbbYeaGTAX4W4MCa5z0ap.jpg','분노',6.7,2),(186,'스크림보트','A late-night boat ride turns into a desperate fight for survival in New York City when a mischievous mouse becomes a monstrous reality.','https://image.tmdb.org/t/p/w500/78xGAhQaKpgq9TI08XK40Ua2bGx.jpg','불안',6.8,6),(187,'맨 위드 노 패스트','낯선 도시에 깨어난 한 남자는 자신의 기억을 잃은 채, 정체성의 비밀과 마주하게 된다.  하지만 과거를 밝혀내기 위한 그의 필사적인 추적은 강력한 적과의 충돌로 이어지고,  마침내 벌어진 대결 속에서 그는 숨겨진 진실과 마주하게 된다.','https://image.tmdb.org/t/p/w500/eWHvROuznSzcxBAAkzX1X0Rmzoe.jpg','분노',6.2,2),(188,'리추얼','“신에게 맞서다, 그 속삭임 속에서 진실을 마주한다”\n 1928년 아이오와의 작은 마을. 신비로운 현상에 시달리는 엠마 슈미트는 악의 흔들림 앞에 가족이 손을 놓을 수밖에 없는 절박한 상태다. 신앙을 잃고 방황하던 젊은 사제 조셉과, 다크한 과거 속 성직자의 신념으로 무장한 베테랑 신부 테오필루스가 그녀의 구원을 위해 머나먼 성소로 향한다. 각기 다른 믿음을 지닌 두 사람은 고대의 금식을 거행하며 신학과 심리의 경계에서 진실의 실체를 마주하게 된다. 그렇게 시작된 의식은 점차 상상을 초월하는 신비와 공포 속으로 이들을 끌어들이는데…','https://image.tmdb.org/t/p/w500/uubL8yvtEBjz3V7DFQHjCuSQO8w.jpg','불안',6.7,6),(189,'레드 소냐','A young girl rises from the ashes of tragedy to become the most feared warrior woman of all time: the She-Devil with a Sword.','https://image.tmdb.org/t/p/w500/l10eghFN1nQmWwMSt91MlLvZZFA.jpg','상처',5.3,4),(190,'모아나 2','바다를 누볐던 선조들에게서 예기치 못한 부름을 받은 모아나가 마우이와 다시 만나 새로운 선원들과 함께 오랫동안 잊혀진 멀고 위험한 바다 너머로 떠나는 특별한 모험을 담은 이야기','https://image.tmdb.org/t/p/w500/hwmwTFtMbzxAWbIOp1RyyiOCyx0.jpg','기쁨',6.4,6),(191,'Tuberculo Presidente','Tuberculo gets elected President of the Dominican Republic, with his friend Tirson as Vice-President and counselor.','https://image.tmdb.org/t/p/w500/pTWAeFIPOyGri6cbA9kiXQozjBm.jpg','슬픔',5.8,3),(192,'Ligaw','A sultry woman who charms the hearts of men in a remote province. Dolores, a devoted wife to her paraplegic husband, falls for a young mountaineer. What begins as a reckless escape turns into an affair drenched in passion and secrecy.','https://image.tmdb.org/t/p/w500/xpGQxXQwm1zdzQ8bN98hEmojZOl.jpg','상처',5.8,4),(193,'인터스텔라','세계 각국의 정부와 경제가 완전히 붕괴된 미래가 다가온다. 지난 20세기에 범한 잘못이 전 세계적인 식량 부족을 불러왔고, NASA도 해체되었다. 나사 소속 우주비행사였던 쿠퍼는 지구에 몰아친 식량난으로 옥수수나 키우며 살고 있다. 거센 황사가 몰아친 어느 날 알 수 없는 힘에 이끌려 딸과 함께 도착한 곳은 인류가 이주할 행성을 찾는 나사의 비밀본부. 이 때 시공간에 불가사의한 틈이 열리고, 이 곳을 탐험해 인류를 구해야 하는 임무를 위해 쿠퍼는 만류하는 딸을 뒤로한 채 우주선에 탑승하는데...','https://image.tmdb.org/t/p/w500/evoEi8SBSvIIEveM3V6nCJ6vKj8.jpg','분노',7.0,2),(195,'女高生トリオ 性感試?','Three high school girls. One is experienced, one has fantasies and one is curious. What more will they learn before graduation?','https://image.tmdb.org/t/p/w500/9GSLrU0aoR6Pi2FQ0ttXV2thSxJ.jpg','불안',7.3,6),(198,'데드풀과 울버린','히어로 생활에서 은퇴한 후, 평범한 중고차 딜러로 살아가던 데드풀이 예상치 못한 거대한 위기를 맞아 모든 면에서 상극인 울버린을 찾아가게 되며 펼쳐지는 도파민 폭발 액션 블록버스터.','https://image.tmdb.org/t/p/w500/dsfAcQ5J7TPOpJgcX8R1lRBqiMK.jpg','불안',6.6,6),(199,'건즈 업','외딴 숲속, 문명과 단절된 채 살아가는 남자. 그러나 한 침입자가 나타나면서, 고요한 일상은 목숨을 건 사투로 변한다.','https://image.tmdb.org/t/p/w500/3RokBWEkQqJRZEVP3DPwGm5MYh6.jpg','상처',6.5,4),(200,'미션 임파서블: 데드 레코닝','모든 인류를 위협할 새로운 무기를 추적하게 된 에단 헌트와 IMF팀은 이 무기가 인류의 미래를 통제할 수 있다는 사실을 알게 된다. 전 세계가 위태로운 상황에 처한 가운데, 이를 추적하던 에단 헌트에게 어둠의 세력까지 접근하고 마침내 미스터리하고 강력한 빌런과 마주하게 된 그는 가장 위험한 작전을 앞두고 자신이 아끼는 사람들의 생명과 중요한 임무 사이에서 선택을 해야 하는 상황에 놓이게 되는데…','https://image.tmdb.org/t/p/w500/dIcLgXA6R54EZ0XPSMKW4XDNCAA.jpg','분노',7.2,2),(201,'L\'Adolescente','In the summer of 1939, 13-year-old Marie goes with her parents to visit her grandparents in a small town near Avignon. Marie discovers her femininity and falls for a young Jewish doctor, but he prefers Eva, Marie\'s mother.','https://image.tmdb.org/t/p/w500/v7yCEzF9BCF82lbp42X5ZLjIieo.jpg','불안',7.6,6),(202,'아마추어','어느 날, 사랑하는 아내가 살해당했다. 내가 소속된 CIA는 침묵했고 진실은 묻혔다. 나는 프로 킬러도, 현장 요원도 아니다. 암호를 풀던 내가 이제는 복수를 설계한다. 놈들을 반드시 찾아내서 똑같이 갚아줄 것이다. 컴퓨터나 두들기는 범생이, 총 한 발 못 쏘는 ‘아마추어’라고 생각했겠지만, 내가 잘하는 게 뭔지 알기나 해?','https://image.tmdb.org/t/p/w500/cmwcZimmMNzEUoXQenGAcWaxmge.jpg','기쁨',6.9,1),(203,'국가 원수','영국 총리 와 미국 대통령 의 경쟁 때문에 양국의 동맹이 위태로워진다. 그러나 강력한 적대 세력의 표적이 된 둘은 어쩔 수 없이 서로 의지하며 국경을 넘나드는 위험한 도주를 함께하고 영국 비밀정보국 요원 노엘 과 협력해 자유 진영을 위협하는 음모를 타개해야 한다.','https://image.tmdb.org/t/p/w500/4O7dRWoZ8PhP8i2S4bqCJRz93i0.jpg','분노',7.5,2),(204,'괴수 8호: 미션 리컨','괴수로 가득한 일본에서 괴물 사체 처리 작업을 하고 있는 ‘히비노 카프카’는 소꿉친구이자 방위대의 떠오르는 스타 ‘아시로 미나’의 모습을 보고 다시 한번 꿈에 도전하기로 결심한다. 어느 날 갑작스럽게 강력한 “괴수 8호”로 변신하게 된 ‘카프카’. 후배 ‘이치카와 레노’의 도움을 받아 정체를 숨긴 채, 그는 오랜 꿈이었던 방위대 시험에 합격하였고 ‘미나’의 곁에 서는 것을 목표로 나아간다. 그러나 의문의 괴수가 방위대 기지를 공격하자, ‘카프카’는 절박한 상황 속에서 중요한 결정에 직면하게 되는데…','https://image.tmdb.org/t/p/w500/ziPpGchWdwiJaAXIbt4Tu0uNeBA.jpg','불안',4.6,6),(205,'천사의 몰락, 평화의 전사들','이라크 전쟁 참전 용사가 신의 부름을 받게 되면서, 그는 타락한 천사가 죽은 자들의 군대를 일으켜 세상을 정복하려는 계획을 막기 위한 임무에 나서게 된다.','https://image.tmdb.org/t/p/w500/dKdKUSGQ9E0G73WPr9xIHrofpkT.jpg','불안',7.0,6),(206,'레고 디즈니 프린세스: 빌런 집합','공주들이 힘을 합쳐 악당들과 맞선다.','https://image.tmdb.org/t/p/w500/ajcRSuv1rYbrDxnlNN5xx5H44Ft.jpg','불안',6.9,6),(207,'올드 가드 2','새롭게 결의를 다지며 돌아온 앤디와 불멸의 전사들. 인류 수호의 사명을 위협하는 새로운 강적에 맞서 또 한 번 치열한 싸움에 돌입한다.','https://image.tmdb.org/t/p/w500/8UualSlMf7Tk1vHEOzHaQrjbUKC.jpg','분노',7.9,2),(208,'배드 가이즈','작전 설계부터 금고 해제, 해킹, 액션, 위장까지 완벽한 팀플레이를 펼치는 자타공인 최고의 나쁜 녀석들이 한순간의 실수로 체포된다.  하지만 그들도 착해질 수 있다는 ‘마멀레이드 박사’의 주장으로 나쁜 녀석들은 바른 생활 갓생 프로젝트에 투입되고, 이들은 다시 한번 자유의 몸을 위해 태어나 처음으로 바른 생활에 도전하게 되는데…  나쁜 녀석들의 사상 초유 바른 생활 갓생 프로젝트가 시작된다!','https://image.tmdb.org/t/p/w500/x6KSvale7iuxLhsrEfhYNoICyfK.jpg','당황',5.9,5),(209,'해리 포터와 마법사의 돌','해리 포터는 위압적인 버논 숙부와 냉담한 이모 페투니아, 욕심 많고 버릇없는 사촌 더즐리 밑에서 갖은 구박을 견디며 계단 밑 벽장에서 생활한다. 이모네 식구들 역시 해리와의 동거가 불편하기는 마찬가지. 이모 페투니아에겐 해리가 이상한 언니 부부에 관한 기억을 떠올리게 만드는 달갑지 않은 존재다. 11살 생일이 며칠 앞으로 다가왔지만 한번도 생일파티를 치르거나 제대로 된 생일선물을 받아 본 적이 없는 해리로서는 특별히 신날 것도 기대 할 것도 없다. 11살 생일을 며칠 앞둔 어느 날 해리에게 초록색 잉크로 쓰여진 한 통의 편지가 배달된다. 그 편지의 내용은 다름 아닌 해리의 11살 생일을 맞이하여 호그와트에서 보낸 입학 초대장이었다. 그리고 해리의 생일을 축하하러 온 거인 해그리드는 해리가 모르고 있었던 해리의 진정한 정체를 알려주는데...','https://image.tmdb.org/t/p/w500/unEtC8uWn2lcQLnwKG9PZJX0h0c.jpg','기쁨',10.0,1),(210,'컨저링: 마지막 의식','1986년 펜실베니아, 자신의 집에 사악한 존재가 들어왔다고 주장하는 스멀 일가를 조사하던 \'워렌\' 부부가 지금껏 마주한 적 없는 가장 위험하고 강력한 악령에 맞서는 \'컨저링\' 시리즈의 마지막 이야기','https://image.tmdb.org/t/p/w500/y9jKDJuf5WCDjSPsqkt1cb0JHGm.jpg','불안',6.0,6),(211,'컨저링','1971년 로드 아일랜드, 해리스빌. 페론 가족은 꿈에 그리던 새 집으로 이사를 간다. 물론 1863년에 그 집에서 일어난 끔찍한 살인 사건을 전혀 몰랐다. 또한 그 이후에 일어난 많은 무서운 사건에 대해서도 알지 못했다. 이 가족은 그 집에서 겪은 일이 너무 무서워서 한 마디라도 외부에 언급하는 것을 거절했었다. 지금까지는…','https://image.tmdb.org/t/p/w500/pWpTToZ32bG09PaZ1rvYG5mpOyV.jpg','불안',7.5,6),(213,'Sorority','A tale of seduction and mystery. A fearless pre-law student joins an elite sorority led by a powerful heiress. As secrets unfold, she’s torn between the woman who awakened her desire and a truth that could destroy them both.','https://image.tmdb.org/t/p/w500/jm4CYBED9I5e8Cp7zlj8cDifUVB.jpg','불안',0.0,6),(215,'어카운턴트 2','크리스찬 울프는 복잡한 문제를 해결하는 데 재능이 있다. 오랜 지인이 ‘회계사를 찾아달라’는 수수께끼 같은 메시지를 남기고 살해당하자, 울프는 그동안 소원했던 위험천만한 동생 브랙스를 불러 사건 해결에 도움을 구한다. 이들은 미국 재무부 부국장 메디나와 협력하여 무시무시한 음모를 밝혀내지만, 무자비한 살인 조직의 표적이 된다.','https://image.tmdb.org/t/p/w500/625ohbmqK8tj9DhQc66aF6CqQLz.jpg','분노',5.2,2),(216,'클라운 인 어 콘필드','한적한 시골 마을 킬리 조지. 신입생 퀸과 친구들은 이상하게 퍼져가는 폭력의 기운을 감지한다.\n 그 중심엔 광대 가면을 쓴 살인마 ‘프렌도’가 있었다.  하지만 살인은 단순한 광기의 결과가 아니었다. 마을 전체가 숨기고 있던 진실이 드러나는데...','https://image.tmdb.org/t/p/w500/ovv0uYF2rwhDe1b2hyIs9lIEiEt.jpg','분노',6.8,2),(217,'Abraham\'s Boys','Max and Rudy Van Helsing have spent their lives under the strict and overprotective rule of their father, Abraham. Unaware of his dark past, they struggle to understand his paranoia and increasingly erratic behavior. But when they begin to uncover the violent truths behind their father’s history with Dracula, their world unravels, forcing them to confront the terrifying legacy they were never meant to inherit.','https://image.tmdb.org/t/p/w500/e10AbPwcJk5b7ja3MQUVr5wHEeq.jpg','상처',7.7,4);
/*!40000 ALTER TABLE `movie` ENABLE KEYS */;
UNLOCK TABLES;

--
-- Table structure for table `music`
--

DROP TABLE IF EXISTS `music`;
/*!40101 SET @saved_cs_client     = @@character_set_client */;
/*!50503 SET character_set_client = utf8mb4 */;
CREATE TABLE `music` (
  `music_id` int NOT NULL AUTO_INCREMENT,
  `title` varchar(100) COLLATE utf8mb4_general_ci NOT NULL,
  `artist` varchar(100) COLLATE utf8mb4_general_ci DEFAULT NULL,
  `album_cover` varchar(255) COLLATE utf8mb4_general_ci DEFAULT NULL,
  `emotion_genre` varchar(20) COLLATE utf8mb4_general_ci DEFAULT NULL,
  PRIMARY KEY (`music_id`)
) ENGINE=InnoDB AUTO_INCREMENT=501 DEFAULT CHARSET=utf8mb4 COLLATE=utf8mb4_general_ci;
/*!40101 SET character_set_client = @saved_cs_client */;

--
-- Dumping data for table `music`
--

LOCK TABLES `music` WRITE;
/*!40000 ALTER TABLE `music` DISABLE KEYS */;
INSERT INTO `music` VALUES (1,'Golden','HUNTR/X','https://cdnimg.melon.co.kr/cm2/album/images/118/59/863/11859863_20250620104512_500.jpg/melon/resize/120/quality/80/optimize','기쁨'),(2,'청춘만화','이무진','https://cdnimg.melon.co.kr/cm2/album/images/116/08/521/11608521_20241004161722_500.jpg/melon/resize/120/quality/80/optimize','상처'),(3,'HAPPY','DAY6 (데이식스)','https://cdnimg.melon.co.kr/cm2/album/images/114/44/397/11444397_20240318115810_500.jpg/melon/resize/120/quality/80/optimize','상처'),(4,'REBEL HEART','IVE (아이브)','https://cdnimg.melon.co.kr/cm2/album/images/116/89/783/11689783_20250203110601_500.jpg/melon/resize/120/quality/80/optimize','기쁨'),(5,'한 페이지가 될 수 있게','DAY6 (데이식스)','https://cdnimg.melon.co.kr/cm/album/images/103/07/346/10307346_500.jpg/melon/resize/120/quality/80/optimize','상처'),(6,'소나기','이클립스 (ECLIPSE)','https://cdnimg.melon.co.kr/cm2/album/images/114/59/325/11459325_20240405171054_500.jpg/melon/resize/120/quality/80/optimize','슬픔'),(7,'Welcome to the Show','DAY6 (데이식스)','https://cdnimg.melon.co.kr/cm2/album/images/114/44/397/11444397_20240318115810_500.jpg/melon/resize/120/quality/80/optimize','상처'),(8,'I AM','IVE (아이브)','https://cdnimg.melon.co.kr/cm2/album/images/112/11/297/11211297_20230410151046_500.jpg/melon/resize/120/quality/80/optimize','기쁨'),(9,'Love wins all','아이유','https://cdnimg.melon.co.kr/cm2/album/images/114/04/142/11404142_20240220141548_500.jpg/melon/resize/120/quality/80/optimize','불안'),(10,'I DO ME','KiiiKiii (키키)','https://cdnimg.melon.co.kr/cm2/album/images/117/15/826/11715826_20250324115745_500.jpg/melon/resize/120/quality/80/optimize','상처'),(11,'어제보다 슬픈 오늘','우디 (Woody)','https://cdnimg.melon.co.kr/cm2/album/images/117/56/010/11756010_20250331135525_500.jpg/melon/resize/120/quality/80/optimize','상처'),(12,'Never Ending Story','아이유','https://cdnimg.melon.co.kr/cm2/album/images/118/31/781/11831781_20250526162725_500.jpg/melon/resize/120/quality/80/optimize','상처'),(13,'HAPPY','DAY6 (데이식스)','https://cdnimg.melon.co.kr/cm2/album/images/114/44/397/11444397_20240318115810_500.jpg/melon/resize/120/quality/80/optimize','상처'),(14,'천상연','이창섭','https://cdnimg.melon.co.kr/cm2/album/images/114/21/941/11421941_20240220105008_500.jpg/melon/resize/120/quality/80/optimize','상처'),(15,'한 페이지가 될 수 있게','DAY6 (데이식스)','https://cdnimg.melon.co.kr/cm/album/images/103/07/346/10307346_500.jpg/melon/resize/120/quality/80/optimize','상처'),(16,'어떻게 이별까지 사랑하겠어, 널 사랑하는 거지','AKMU (악뮤)','https://cdnimg.melon.co.kr/cm2/album/images/103/31/947/10331947_500.jpg/melon/resize/120/quality/80/optimize','슬픔'),(17,'그대만 있다면 (여름날 우리 X 너드커넥션 (Nerd Connection))','너드커넥션 (Nerd Connection)','https://cdnimg.melon.co.kr/cm2/album/images/113/05/759/11305759_20230814111006_500.jpg/melon/resize/120/quality/80/optimize','슬픔'),(18,'소녀','오혁','https://cdnimg.melon.co.kr/cm/album/images/026/52/150/2652150_500.jpg/melon/resize/120/quality/80/optimize','슬픔'),(19,'가을 타나 봐','바이브','https://cdnimg.melon.co.kr/cm/album/images/102/05/439/10205439_500.jpg/melon/resize/120/quality/80/optimize','슬픔'),(20,'이 사랑','다비치','https://cdnimg.melon.co.kr/cm/album/images/026/69/778/2669778_500.jpg/melon/resize/120/quality/80/optimize','상처'),(21,'다시 사랑한다면 (니글니글 버터플라이)','김필','https://cdnimg.melon.co.kr/cm/album/images/026/68/301/2668301_500.jpg/melon/resize/120/quality/80/optimize','상처'),(22,'사랑할 수밖에','볼빨간사춘기','https://cdnimg.melon.co.kr/cm2/album/images/113/82/496/11382496_20231211180054_500.jpg/melon/resize/120/quality/80/optimize','분노'),(23,'참다행이야','에스파파(S.Papa.)','https://cdnimg.melon.co.kr/cm/album/images/003/12/193/312193_500.jpg/melon/resize/120/quality/80/optimize','당황'),(24,'못해 (Feat. 美)','포맨 (4MEN)','https://cdnimg.melon.co.kr/cm/album/images/007/72/051/772051_500.jpg/melon/resize/120/quality/80/optimize','분노'),(25,'영원해','도경수(D.O.)','https://cdnimg.melon.co.kr/cm2/album/images/117/88/908/11788908_20250425144129_500.jpg/melon/resize/120/quality/80/optimize','불안'),(26,'미치게 그리워서','황가람','https://cdnimg.melon.co.kr/cm2/album/images/117/10/367/11710367_20250207120041_500.jpg/melon/resize/120/quality/80/optimize','분노'),(27,'나는 반딧불','황가람','https://cdnimg.melon.co.kr/cm2/album/images/116/20/541/11620541_20241018183253_500.jpg/melon/resize/120/quality/80/optimize','상처'),(28,'주저하는 연인들을 위해','잔나비','https://cdnimg.melon.co.kr/cm/album/images/102/60/858/10260858_500.jpg/melon/resize/120/quality/80/optimize','당황'),(29,'너의 모든 순간','성시경','https://cdnimg.melon.co.kr/cm/album/images/022/32/505/2232505_500.jpg/melon/resize/120/quality/80/optimize','상처'),(30,'헤어지자 말해요','박재정','https://cdnimg.melon.co.kr/cm2/album/images/112/27/533/11227533_20230419162238_500.jpg/melon/resize/120/quality/80/optimize','분노'),(31,'가까운 듯 먼 그대여','카더가든','https://cdnimg.melon.co.kr/cm2/album/images/106/92/255/10692255_20210825184324_500.jpg/melon/resize/120/quality/80/optimize','슬픔'),(32,'나무','카더가든','https://cdnimg.melon.co.kr/cm/album/images/102/74/611/10274611_500.jpg/melon/resize/120/quality/80/optimize','슬픔'),(33,'yours','데이먼스 이어 (Damons year)','https://cdnimg.melon.co.kr/cm/album/images/102/71/978/10271978_500.jpg/melon/resize/120/quality/80/optimize','불안'),(34,'행복해져라','QWER','https://cdnimg.melon.co.kr/cm2/album/images/118/47/675/11847675_20250605193604_500.jpg/melon/resize/120/quality/80/optimize','상처'),(35,'빨간 운동화','아이유','https://cdnimg.melon.co.kr/cm2/album/images/118/31/781/11831781_20250526162725_500.jpg/melon/resize/120/quality/80/optimize','불안'),(36,'Pookie','FIFTY FIFTY','https://cdnimg.melon.co.kr/cm2/album/images/117/87/269/11787269_20250424103320_500.jpg/melon/resize/120/quality/80/optimize','불안'),(37,'마음 따라 뛰는 건 멋지지 않아?','TWS (투어스)','https://cdnimg.melon.co.kr/cm2/album/images/117/81/966/11781966_20250421102639_500.jpg/melon/resize/120/quality/80/optimize','슬픔'),(38,'Going on','RESCENE (리센느)','https://cdnimg.melon.co.kr/cm2/album/images/117/07/015/11707015_20250204161952_500.jpg/melon/resize/120/quality/80/optimize','당황'),(39,'Heaven','투모로우바이투게더','https://cdnimg.melon.co.kr/cm2/album/images/116/32/009/11632009_20241104105912_500.jpg/melon/resize/120/quality/80/optimize','슬픔'),(40,'Sunny Day','안유진 (IVE)','https://cdnimg.melon.co.kr/cm2/album/images/117/70/099/11770099_20250410170601_500.jpg/melon/resize/120/quality/80/optimize','슬픔'),(41,'하늘을 나는 꿈 (Heavenly)','NCT DREAM','https://cdnimg.melon.co.kr/cm2/album/images/116/37/353/11637353_20241108161655_500.jpg/melon/resize/120/quality/80/optimize','기쁨'),(42,'너와의 모든 지금','재쓰비 (JAESSBEE)','https://cdnimg.melon.co.kr/cm2/album/images/116/37/218/11637218_20241108150236_500.jpg/melon/resize/120/quality/80/optimize','상처'),(43,'Conversation','온유 (ONEW)','https://cdnimg.melon.co.kr/cm2/album/images/116/64/450/11664450_20250103162527_500.jpg/melon/resize/120/quality/80/optimize','불안');
/*!40000 ALTER TABLE `music` ENABLE KEYS */;
UNLOCK TABLES;

--
-- Table structure for table `userbookmark`
--

DROP TABLE IF EXISTS `userbookmark`;
/*!40101 SET @saved_cs_client     = @@character_set_client */;
/*!50503 SET character_set_client = utf8mb4 */;
CREATE TABLE `userbookmark` (
  `bookmark_id` int NOT NULL AUTO_INCREMENT,
  `user_id` int NOT NULL,
  `movie_id` int DEFAULT NULL,
  `music_id` int DEFAULT NULL,
  `drama_id` int DEFAULT NULL,
  `created_at` timestamp NULL DEFAULT CURRENT_TIMESTAMP,
  PRIMARY KEY (`bookmark_id`),
  KEY `user_id` (`user_id`),
  KEY `movie_id` (`movie_id`),
  KEY `music_id` (`music_id`),
  KEY `drama_id` (`drama_id`),
  CONSTRAINT `userbookmark_ibfk_1` FOREIGN KEY (`user_id`) REFERENCES `member` (`user_id`),
  CONSTRAINT `userbookmark_ibfk_2` FOREIGN KEY (`movie_id`) REFERENCES `movie` (`movie_id`),
  CONSTRAINT `userbookmark_ibfk_3` FOREIGN KEY (`music_id`) REFERENCES `music` (`music_id`),
  CONSTRAINT `userbookmark_ibfk_4` FOREIGN KEY (`drama_id`) REFERENCES `drama` (`drama_id`)
) ENGINE=InnoDB DEFAULT CHARSET=utf8mb4 COLLATE=utf8mb4_general_ci;
/*!40101 SET character_set_client = @saved_cs_client */;

--
-- Dumping data for table `userbookmark`
--

LOCK TABLES `userbookmark` WRITE;
/*!40000 ALTER TABLE `userbookmark` DISABLE KEYS */;
/*!40000 ALTER TABLE `userbookmark` ENABLE KEYS */;
UNLOCK TABLES;

--
-- Table structure for table `userchat`
--

DROP TABLE IF EXISTS `userchat`;
/*!40101 SET @saved_cs_client     = @@character_set_client */;
/*!50503 SET character_set_client = utf8mb4 */;
CREATE TABLE `userchat` (
  `chat_id` int NOT NULL AUTO_INCREMENT,
  `user_id` int NOT NULL,
  `chat_date` date NOT NULL,
  `chat_time` time NOT NULL,
  `question` text COLLATE utf8mb4_general_ci,
  `answer` text COLLATE utf8mb4_general_ci,
  PRIMARY KEY (`chat_id`),
  UNIQUE KEY `uniq_chat_datetime` (`user_id`,`chat_date`,`chat_time`),
  KEY `idx_uc_user_id` (`user_id`),
  CONSTRAINT `userchat_ibfk_1` FOREIGN KEY (`user_id`) REFERENCES `member` (`user_id`)
) ENGINE=InnoDB AUTO_INCREMENT=90 DEFAULT CHARSET=utf8mb4 COLLATE=utf8mb4_general_ci;
/*!40101 SET character_set_client = @saved_cs_client */;

--
-- Dumping data for table `userchat`
--

LOCK TABLES `userchat` WRITE;
/*!40000 ALTER TABLE `userchat` DISABLE KEYS */;
INSERT INTO `userchat` VALUES (5,3,'2025-08-27','10:30:06','안녕','안녕하세요! 무엇을 도와드릴까요?'),(6,3,'2025-08-27','10:31:11','오늘 점심 메뉴 추천좀','오늘 점심 메뉴로 몇 가지 추천해드릴게요!\n\n1. **비빔밥** - 다양한 채소와 고기가 어우러진 한 그릇 요리로, 고추장과 함께 비벼서 먹으면 맛있습니다.\n2. **김치찌개** - 뜨끈한 김치찌개에 밥과 함께 먹으면 정말 만족스러운 한 끼가 될 거예요.\n3. **치킨 샐러드** - 건강한 선택으로, 그릴에 구운 치킨과 신선한 채소로 가벼운 점심을 즐길 수 있습니다.\n4. **파스타** - 크림소스나 토마토 소스에 각종 재료를 넣어 만드는 파스타는 언제나 인기 있는 메뉴입니다.\n5. **떡볶이** - 매콤한 떡볶이에 순대와 오뎅, 튀김을 곁들이면 간편하면서도 맛있는 점심이 됩니다.\n\n어떤 메뉴가 가장 끌리나요?'),(7,3,'2025-08-27','11:04:58','너가 추천한 점심메뉴 5가지 다시 불러봐','물론이죠! 아래는 추천할 만한 점심 메뉴 5가지입니다:\n\n1. **비빔밥** - 다양한 채소와 고기를 볶아 고추장과 함께 비벼 먹는 한국 전통 음식.\n2. **김치찌개** - 매콤한 김치와 두부, 돼지고기 등을 넣고 끓인 국물 요리.\n3. **참치 샐러드** - 신선한 채소와 참치, 드레싱을 섞어 만든 건강한 샐러드.\n4. **파스타** - 올리브 오일, 마늘, 각종 야채와 함께 볶은 파스타.\n5. **덮밥** - 간장 양념으로 조리한 고기나 해산물 위에 밥을 얹어 즐기는 일본식 덮밥.\n\n어떤 메뉴가 가장 끌리나요?'),(8,3,'2025-08-27','11:30:34','너가 보낸 점심메뉴 5가지 다시','물론입니다! 제가 추천한 점심 메뉴 5가지는 다음과 같습니다:\n\n1. **비빔밥**\n2. **김치찌개**\n3. **치킨 샐러드**\n4. **파스타**\n5. **떡볶이**\n\n더 궁금한 점이나 추가로 도움이 필요하시면 말씀해 주세요!'),(9,3,'2025-08-27','11:31:04','5번째 메뉴 더 자세히 설명','물론입니다! **떡볶이**는 한국의 대표적인 스트리트 푸드로, 주로 떡, 어묵, 그리고 양념으로 구성된 매콤하고 달콤한 요리입니다. \n\n### 떡볶이의 주요 재료:\n1. **떡**: 주로 가래떡이나 즉석 떡을 사용합니다. 쫄깃한 식감이 특징입니다.\n2. **어묵**: 다양한 형태의 어묵이 사용되며, 떡과 함께 끓여서 맛을 더합니다.\n3. **양념**: 고추장이나 고춧가루를 기본으로 하여 간장, 설탕, 다진 마늘 등을 섞어서 매콤하고 달콤한 맛의 양념을 만듭니다.\n4. **채소**: 대파, 양배추, 또는 계란 등을 추가하여 색감과 영양을 보충합니다.\n\n### 조리 방법:\n1. 먼저 팬에 물이나 육수를 붓고 떡을 넣어 끓입니다.\n2. 떡이 익어가면 어묵과 함께 양념 소스를 추가하여 잘 섞어줍니다.\n3. 마지막으로 좋아하는 채소와 함께 좀 더 끓여서 볶으면 완성됩니다.\n\n### 즐기는 방법:\n- **사이드 메뉴**: 떡볶이는 종종 튀김, 순대, 오뎅과 함께 제공되어 함께 즐길 수 있습니다.\n- **송편**, **치킨**, **피자와 함께**: 최근에는 떡볶이 위에 치킨, 피자 소스를 올려 새로운 스타일로 변형해 즐기기도 합니다.\n  \n매콤한 맛을 좋아하신다면 꼭 추천드리는 메뉴입니다! 도움이 더 필요하시면 말씀해 주세요.'),(10,3,'2025-08-27','11:41:46','나 오늘 좀 힘드네','힘든 하루를 보내고 계시군요. 그런 날은 정말 힘들죠. 어떤 일로 힘들고 지치셨나요? 이야기하고 싶으시면 들어드릴게요.'),(12,3,'2025-08-27','11:51:07','오늘 화난는 일이 있었어','안타깝네요. 화난 일이 있으셨군요. 어떤 일인지 말씀해주시면 좋겠어요. 함께 이야기하면서 마음이 조금이나마 편해질 수 있길 바랍니다.'),(13,3,'2025-08-27','11:53:00','킄','뭔가 짜증나는 일이 있었나 보네요. 혹시 더 얘기하고 싶은 내용이 있다면 언제든지 말씀해 주세요. 힘든 감정을 나누는 것도 도움이 될 수 있습니다.'),(14,3,'2025-08-27','12:00:51','킄','아, 그 표현으로 보아 화가 많이 나신 것 같네요. 어떤 일 때문에 이렇게 힘들어하시는 건지 말씀해 주시면 좋을 것 같아요. 여기에 대해 이야기하면서 기분이 조금 더 나아지길 바래요.'),(15,3,'2025-08-27','12:00:57','키키키','하하, 그렇게 웃으셨군요! 기분이 조금 나아지셨나 봐요. 가끔 조금 웃거나 기분을 바꾸는 것도 중요한 것 같아요. 혹시 다른 이야기나 궁금한 것이 있다면 말씀해 주세요!'),(16,3,'2025-08-27','12:00:58','키키키','아하, 이제 보니 웃음이 섞인 표현이군요! 😊 힘든 일이 있었지만, 그와 동시에 귀여운 반응도 보여주셨네요. 기분이 조금 나아지셨나요? 그에 대한 이야기나 다른 주제로도 이야기해보고 싶으시면 언제든지 말씀해 주세요!'),(17,3,'2025-08-27','12:01:19','아우 슬퍼ㅜㅜ','슬프신 마음 잘 알겠어요. 그런 감정을 느끼는 건 정말 힘든 일이죠. 혹시 어떤 일이 있었는지 이야기하고 싶으신가요? 아니면 그냥 편하게 이야기를 나누고 싶으셔도 괜찮아요. 언제든지 들어드릴 준비가 되어 있어요.'),(18,3,'2025-08-27','12:04:44','아우 은영님이 놀리네 ㅋㅋ 살 맛 안난다 ㅋㅋㅋ','은영님이 놀리는 바람에 기분이 많이 상하신 것 같네요. 그런 상황이 정말 힘든데, 웃으면서 이야기하니 다행이에요! 친구끼리의 장난이 때로는 상처가 되기도 하죠. 혹시 어떤 식으로 놀렸는지 더 이야기할래요? 아니면 그냥 다른 주제로 기분 전환을 해볼까요?'),(19,3,'2025-08-27','12:19:23','누가 나 괴롭힌지 기억나?','은영님이 놀렸다는 말씀을 하셨던 것 같아요. 그 일 때문에 기분이 안 좋으셨던 거군요. 괴롭힘을 당하는 건 정말 힘든 일이고, 그런 상황 속에서 느끼는 감정은 정말 복잡할 수 있어요. 더 이야기하고 싶으시면 언제든지 말씀해 주세요. 기분이 나아질 수 있도록 도와드릴게요.'),(20,3,'2025-08-27','12:19:36','누가 나 괴롭힌지 기억나?','네, 은영님이 놀리셨다고 하셨던 것을 기억하고 있어요. 그런 일이 있으면 감정적으로 힘들 수 있죠. 어떤 일이 있었는지 더 이야기해 주고 싶으신가요? 아니면 기분 전환을 할 수 있는 다른 이야기를 해볼까요?'),(21,4,'2025-08-27','12:24:38','안녕 반가워','안녕하세요! 반가워요. 어떻게 도와드릴까요?'),(22,4,'2025-08-27','12:24:55','오늘 내 기분은 살짝 기쁜느낌이야','기분이 좋으시군요! 어떤 일로 그렇게 기분이 좋은지 궁금하네요. 함께 이야기해볼까요?'),(23,4,'2025-08-27','12:27:31','오늘 기쁜걸','정말 좋네요! 기쁜 일이 있으신가요? 그 이야기를 나누면 더 기분이 좋아질 것 같아요. 어떤 일이 있었나요?'),(24,3,'2025-08-27','12:31:18','나 지금은 기뻐','정말 다행이네요! 기분이 좋아지셨다니 기쁘습니다. 어떤 일이 있어서 기쁘신지 궁금하네요. 좋은 소식이나 기쁜 일이라면 공유해 주시면 좋을 것 같아요!'),(25,4,'2025-08-27','15:21:01','안녕 오늘 좀 피곤해','안녕하세요! 피곤하시군요. 요즘 많이 바쁘셨나 봐요. 혹시 휴식이 필요하신가요? 필요한 것 있으면 말씀해 주세요!'),(26,4,'2025-08-27','15:28:54','아 오늘 화나는 일있었다','그렇군요. 화나는 일이 있었군요. 어떤 일인지 이야기하고 싶으신가요? 듣고 싶어요.'),(27,4,'2025-08-27','15:30:13','다은님이 나 괴롭혔어','그런 일이 있었군요. 누군가에게 괴롭힘을 당하는 건 정말 힘든 일이에요. 다은님과 어떤 일이 있었는지 이야기해주실 수 있나요? 함께 이야기해 보아요.'),(28,4,'2025-08-27','15:51:42','나 오늘 좀 상처 받았어','상처받으셨군요. 정말 힘든 하루였겠어요. 그 일이 무엇이었는지 말해 주실 수 있나요? 혹시 도움이 필요하시면 언제든지 이야기해 주세요. 당신의 기분을 이해하고 싶어요.'),(29,5,'2025-08-27','15:53:36','안녕 나 오늘 대따 많이 힘들었어','안녕! 힘든 하루였구나. 어떤 일 때문에 그렇게 힘들었는지 이야기해줄래? 듣고 싶어.'),(30,6,'2025-08-27','16:02:46','헤이 모두들 안녕','안녕하세요! 어떻게 도와드릴까요?'),(31,6,'2025-08-27','16:02:56','나 너무 졸려','졸리시군요! 충분한 휴식을 취하는 게 중요해요. 잠깐 눈을 붙이거나 스트레칭을 하면서 기분 전환을 해보는 건 어떨까요? 아니면 어떤 이야기를 나누고 싶으신가요?'),(32,6,'2025-08-27','16:03:38','슬프네 19영화 추천해줘','슬픈 감정을 담고 있는 영화들을 몇 편 추천해드릴게요. \n\n1. **너의 이름은. (Your Name)** - 두 청소년이 꿈 속에서 서로의 삶을 바꾸면서 벌어지는 이야기로, 아름다운 그림과 감정적인 스토리가 돋보입니다.\n  \n2. **내 머리는 커서(_The Green Mile_)** - 사형수와 간수의 사연을 그린 영화로, 인생과 죽음, 인간의 정의에 대한 깊은 질문을 던집니다.\n\n3. **살아있다 (Alive)** - 생존을 위한 강한 의지와 어려운 상황 속에서의 인간의 본성을 다룬 이야기로, 감정을 깊게 자극합니다.\n\n4. **사랑은 비가 갠 뒤처럼 (Like Rain, Like Sun)** - 이 영화는 그리움과 사랑의 상실을 다룬 따뜻하면서도 슬픈 이야기입니다.\n\n5. **결혼 이야기 (Marriage Story)** - 부부의 이혼 과정을 통해 가족과 사랑, 아픈 현실을 사실적으로 그린 영화입니다.\n\n이 중에서 관심이 가는 영화가 있으면 좋겠네요!'),(33,6,'2025-08-27','16:03:49','19영화 ','아, \"19\"라는 연령에 맞는 영화 추천이군요! 다음은 청소년이나 19세 언저리의 관객을 위해 추천할 만한 영화들입니다:\n\n1. **원더 (Wonder)** - 외모로 인해 어려움을 겪는 소년의 이야기로, 친구와 가족의 소중함을 일깨워주는 감동적인 영화입니다.\n\n2. **세이프 헌트 (Safe Haven)** - 새로운 사랑을 찾는 여성을 주인공으로 한 로맨스 영화로, 따뜻한 감정과 스릴이 어우러져 있습니다.\n\n3. **콜 미 바이 유어 네임 (Call Me by Your Name)** - 여름 동안의 짧은 사랑을 다룬 아름다운 성장 영화로, 강렬한 감성과 시각적 아름다움이 돋보입니다.\n\n4. **지금 만나러 갑니다 (Be With You)** - 사랑하는 사람과의 재회를 다룬 판타지 로맨스 영화로, 감정적으로 깊은 여운을 남깁니다.\n\n5. **엑스맨: 퍼스트 클래스 (X-Men: First Class)** - 청소년기의 고뇌와 성장, 정체성을 주제로 한 슈퍼히어로 영화로, 사회적 메시지도 담고 있습니다.\n\n이러한 영화들이 여러분의 감정에 잘 어우러지길 바랍니다!'),(34,7,'2025-08-27','16:19:56','나지금 힘들어 ','힘든 순간이군요. 어떤 일이 고민되나요? 이야기해주면 도움이 될 수 있을 것 같아요.'),(35,7,'2025-08-27','16:20:25','나 우울해','그렇군요, 많이 힘드셨겠어요. 우울한 기분을 느끼는 건 정말 어려운 일입니다. 혹시 어떤 일이 특히 힘든지 이야기해줄 수 있나요? 그렇게 이야기하는 것만으로도 조금은 도움이 될 수 있어요.'),(36,8,'2025-08-27','16:21:31','너무 피곤하고 졸리다....ㅠㅠ','피곤하군요. 충분한 휴식이 필요할 때도 있죠. 잠시 눈을 감고 쉬거나 짧은 휴식을 가져보는 건 어떨까요? 필요하다면 카페인 음료를 잠깐 마시는 것도 도움이 될 수 있어요. 몸과 마음을 잘 챙기세요!'),(37,8,'2025-08-27','16:21:45','나 응원해줘','물론이죠! 지금 힘든 순간을 겪고 있더라도, 당신은 충분히 이겨낼 수 있어요. 힘든 시간이 지나고 더 나은 날이 올 거예요. 당신의 노력과 열정은 결코 헛되지 않을 거니까, 자신을 믿고 조금만 더 힘내세요! 당신은 할 수 있어요! 💪✨'),(38,5,'2025-08-27','16:24:12','화가나서 책상을 쳤는데 책상이 부러져버렸어 ','아, 책상이 부러지다니 정말 안타깝네. 그럴 때는 감정을 조절하는 게 어렵지. 무슨 일이 있었는지, 자세히 말해줄 수 있어? 괜찮으면 털어놓아도 좋아.'),(39,8,'2025-08-27','17:08:30','배고파','배고프셨군요! 무엇이 먹고 싶으세요? 간단한 간식이든, 든든한 한 끼든, 배를 채워줄 음식이 필요할 때죠. 맛있는 음식을 드시고 에너지를 충전하세요! 필요한 레시피나 추천 메뉴도 얘기해 드릴 수 있으니, 궁금한 거 있으면 말씀해 주세요!'),(40,4,'2025-08-27','17:47:26','나 기쁨','기쁘신가요? 정말 좋은 소식이네요! 어떤 기쁜 일이 있었는지 나눠주실래요? 함께 기뻐해 드리고 싶어요.'),(41,5,'2025-08-28','10:47:54','아녕 나 어제 한일 기억나?','안녕! 어제 어떤 일이 있었는지 구체적으로 기억은 나지 않지만, 네가 말해준다면 도움을 줄 수 있을 것 같아. 어제 무슨 일이 있었는지 이야기해줄래?'),(42,5,'2025-08-28','10:48:10','어제 내가 무언가를 부순거 같은데','무언가를 부순 일 때문에 고민하네. 어떤 물건이었는지, 왜 그런 일이 발생했는지 이야기해줄 수 있을까? 도움이 필요하면 언제든지 말해줘!'),(43,5,'2025-08-28','10:48:27','아 책상 부러졌다고 했잖아 기억아나?>','맞아, 책상이 부러졌다고 했지! 그 일 때문에 힘들어했나 보네. 괜찮은지 궁금해. 혹시 그 사건 이후에 어떤 기분이었는지 말해줄래?'),(44,4,'2025-08-28','10:52:56','어제 추천해준 점심메뉴 5개 기억나?','그렇군요! 어제 추천해드렸던 점심 메뉴는 기억나지 않지만, 새로운 메뉴를 추천해드릴 수 있어요. 어떤 종류의 음식을 원하시나요? 한식, 중식, 일식, 양식 등 다양한 옵션이 있어요!'),(45,4,'2025-08-28','10:53:12','어제 추천해준 점심메뉴 5개 기억나?','죄송하지만, 이전 대화 내용을 기억할 수는 없어요. 하지만 새로운 점심 메뉴를 추천해드릴 수 있습니다! 어떤 종류의 음식을 좋아하시나요? 한식, 중식, 일식, 양식 등 어떤 것이든 말씀해주시면 추천해드리겠습니다.'),(46,4,'2025-08-28','10:53:33','그럼 누가 나 괴롭혔는지 기억나?','네, 다은님이 괴롭혔다고 말씀하셨던 것 기억하고 있어요. 그런 일이 있었던 게 안타깝네요. 그 일에 대해 더 이야기해보고 싶으신가요? 도움이 필요하시면 말씀해 주세요.'),(47,3,'2025-08-28','11:38:37','안녕 반가어ㅜ','안녕하세요! 반가워요! 😊 오늘은 어떤 기분으로 계신가요? 이야기 나누고 싶으신 게 있으면 언제든지 말씀해 주세요!'),(48,3,'2025-08-28','11:38:50','나 오늘 좀 힘들다','아, 힘든 하루를 보내고 계시는군요. 어떤 일로 힘드신지 이야기하고 싶으신가요? 듣고 나누는 것만으로도 조금 위안이 될 수 있어요.'),(49,3,'2025-08-28','11:51:37','나 오늘 신나','우와, 신나신다니 정말 좋네요! 어떤 일 때문인지 궁금해요. 기분 좋은 일이 있었나요? 함께 나누면 더 즐거울 것 같아요!'),(50,3,'2025-08-28','12:12:49','나 지금 슬퍼 ','슬프신 마음을 이해해요. 기분이 안 좋으실 때는 정말 힘들죠. 어떤 일이 있으셨는지 이야기하고 싶으시면 언제든지 말씀해 주세요. 혹은 그냥 기분을 조금이나마 나아지게 할 수 있는 다른 이야기를 나눌까요?'),(51,3,'2025-08-28','12:22:42','나오늘 화나','오늘 화가 나셨군요. 그런 기분이 드는 건 정말 힘든 일이죠. 어떤 상황 때문에 화가 나셨는지 이야기하고 싶으시면 말씀해 주세요. 그걸 이야기하는 것만으로도 기분이 나아질 수 있을 거예요.'),(52,3,'2025-08-28','12:45:11','오늘 점심 뭐 먹을까','점심 메뉴로 몇 가지 추천해드릴게요!\n\n1. **김치볶음밥** - 간단하게 만들 수 있고, 계란 프라이를 올리면 더욱 맛있어요.\n2. **국물 떡볶이** - 뜨끈하고 매콤한 국물 떡볶이는 기분 전환에도 좋죠.\n3. **샐러드 볼** - 다양한 채소와 닭가슴살, 드레싱을 곁들여 건강하게 즐길 수 있어요.\n4. **초밥** - 신선한 재료로 만든 초밥은 언제나 맛있고 만족스러운 선택이죠.\n5. **우동** - 따뜻한 국물과 쫄깃한 면발이 일품인 일본식 우동도 좋은 옵션입니다.\n\n어떤 메뉴가 마음에 드시나요? 또는 다른 종류의 음식을 원하시면 말씀해 주세요!'),(53,3,'2025-08-28','12:45:23','흠 초밥 맛있어보이네','초밥 맛있죠! 신선한 재료와 다양한 조합으로 즐길 수 있어 정말 매력적인 음식이에요. 오션 프레시한 연어 초밥, 입안에서 살살 녹는 참치 초밥, 또는 색다른 맛의 새우 초밥까지 다양하니 선택의 폭도 넓어요. 초밥은 식사로도 좋지만, 간단한 안주로도 괜찮아요. 맛있게 드시고 기분이 더 좋아지길 바래요! 다른 질문이나 궁금한 점 있으면 말씀해 주세요!'),(54,6,'2025-08-28','13:31:17','안녕 나 오늘짬뽕 먹었는데 맛도 어 ㅂㅅ고 옷에 흘려서 짜증나','안타깝네요! 맛있게 먹으려던 짬뽕이 옷에 흘러서 짜증이 날 만해요. 이런 일이 생기면 기분이 나빠지기 쉬운데, 세탁해보면 어느 정도 해결될 수 있을 거예요. 혹시 짬뽕 맛이 별로였다면, 다음에 다른 음식을 시도해보는 것도 좋겠네요! 어떤 음식을 좋아하시나요?'),(55,3,'2025-08-28','13:54:23','안녕','안녕하세요! 다시 찾아주셔서 반가워요. 어떤 이야기를 나누고 싶으신가요?'),(56,4,'2025-08-28','14:08:53','아 오늘 볶음밥 먹었는데 맛있ㅇ었어','볶음밥 맛있죠! 어떤 재료가 들어간 볶음밥이었나요? 혹시 특별한 소스나 토핑이 있었나요? 맛있는 식사, 기분 좋게 해주네요!'),(57,5,'2025-08-28','14:09:54','오늘 점심 맛있어서 기분좋아','점심 맛있게 먹어서 기분이 좋아졌다니 다행이야! 어떤 음식 먹었어? 그 음식을 좋아하는 이유도 궁금해.'),(58,5,'2025-08-28','14:10:28','근데 밥먹다가 옷에 흘려서 당황했어','아, 밥 먹다가 흘리면 정말 당황하지! 그래도 맛있는 식사를 했으니 기분이 조금 나아졌겠지. 혹시 어떤 음식을 먹다가 흘린 거야? 그리고 다음에는 조심해서 먹을 수 있을 거야!'),(59,5,'2025-08-28','14:11:02','그래서 화도 좀 났어 ','그럴 수 있지! 맛있는 음식을 먹는데 흘리면 짜증날 수밖에 없어. 그런 감정이 드는 건 자연스러운 것이니까 너무 걱정하지 마. 어떻게 기분을 풀었는지 궁금해!'),(60,10,'2025-08-28','14:47:47','형진님이 나 한테 회원가입을 강요했어 결국 너랑 대화하게 되었어','회원가입 강요는 좀 불편할 수 있죠! 하지만 이렇게 대화하게 된 것은 좋은 일이라고 생각합니다. 무슨 이야기를 나눠보고 싶으세요? 어떤 주제든지 괜찮아요!'),(61,4,'2025-08-28','15:07:32','안녕 오늘 점심을 먹었는데 맛이ㅣㅆ었거든? 근데 먹다가 옷에 흘려서 조금 짜증났어','안녕하세요! 점심이 맛있었다니 좋네요. 그런데 옷에 흘려서 짜증났다고 하니 안타깝네요. 그런 일은 누구에게나 일어날 수 있는 일이지만 여간 귀찮은 일이 아니죠. 어떤 음식이었는지 궁금하네요! 다음엔 조심해서 드세요!'),(62,3,'2025-08-28','15:42:51','   ','혹시 무언가 말씀하고 싶으신 건가요? 편하게 이야기해 주세요! 제가 도와드릴 수 있는 게 있다면 기꺼이 도와드리겠습니다.'),(63,3,'2025-08-28','15:59:19','오늘 프로젝트 힘ㄷ르다','프로젝트가 힘들군요. 어떤 부분이 특히 어려운지 이야기해 주실 수 있나요? 도움이 필요하시면 조언을 드리거나 이야기 나누는 데 도움을 줄 수 있어요. 함께 고민해볼까요?'),(64,3,'2025-08-28','16:05:44','오늘 힘들었던것을 시간에 쫒겨서 결과물을 보여줘야 해서 부담스러워','시간에 쫓기고 결과물을 보여줘야 하는 상황은 정말 스트레스가 크죠. 그럴 때는 어떻게 우선순위를 정하고 계획을 세우는지가 중요해요. 필요한 부분을 잘 분배하고, 혹시 지원을 받을 수 있는 사람들이 있다면 도움을 요청하는 것도 좋은 방법이에요.\n\n혹시 지금 어떤 작업을 하고 있는지, 어떤 부분이 더 힘든지 이야기해 주시면 함께 고민해볼 수 있을 것 같아요. 부담 덜 수 있도록 도와드릴게요!'),(65,7,'2025-08-28','16:31:04','아 목이 너무 아픈데 이거 해결하는 방법이 뭐야','목이 아프다면 여러 가지 이유가 있을 수 있습니다. 일반적인 목 통증 완화 방법들을 몇 가지 소개할게요:\n\n1. **수분 섭취**: 충분한 물을 마셔서 목을 촉촉하게 유지하세요.\n\n2. **따뜻한 음료**: 따뜻한 차(생강차, 꿀 레몬차 등)나 수프를 마시면 목이 편안해질 수 있습니다.\n\n3. **소금물 가글**: 따뜻한 소금물로 가글하면 염증을 줄이고 통증을 완화하는 데 도움이 될 수 있습니다.\n\n4. **휴식**: 말을 많이 하거나 목을 과도하게 쓰지 않도록 하세요.\n\n5. **습도 조절**: 실내 공기가 너무 건조하면 목이 더 아플 수 있으니, 가습기를 사용할 수 있습니다.\n\n6. **진통제**: 필요하다면 일반적인 진통제를 복용할 수도 있습니다 (사용 전 의사나 약사와 상담하는 것이 좋습니다).\n\n증상이 심하거나 지속되면 병원에서 진료를 받는 것이 좋습니다. 빠른 쾌유를 빕니다.'),(66,8,'2025-08-28','16:31:04','오늘 날씨도 그렇고 좀 우울하다','이런 날씨에는 우울한 기분이 들기 쉽죠. 기분이 좋지 않을 때는 작은 행복을 찾아보는 것도 도움이 될 수 있어요. 좋아하는 음악을 듣거나, 따뜻한 차를 한 잔 마시거나, 재미있는 영화를 보는 것도 좋죠. 또한, 짧은 산책을 하면서 신선한 공기를 마시는 것도 기분 전환에 도움이 될 수 있어요. 언제든지 대화하고 싶으면 말씀해 주세요. 당신의 마음을 나누는 것도 큰 도움이 될 수 있어요.'),(67,11,'2025-08-28','16:32:04','무슨 말이 하고 싶어?','저는 여러분과 대화하고, 질문에 답하고, 도움이 필요한 부분을 돕기 위해 여기 있습니다. 궁금한 것이나 이야기하고 싶은 주제가 있다면 말씀해 주세요!'),(68,11,'2025-08-28','16:32:25','오늘은 점심을 너무 많이 먹어서 졸려','점심 후에 졸린 기분이 드는 것은 흔한 일이에요! 특히 많이 먹었을 경우 소화에 에너지가 많이 소모되니까요. 잠깐 산책을 하거나, 몇 분간 스트레칭을 해보면 기분이 좀 나아질 수 있어요. 혹시 어떤 음식을 드셨나요?'),(69,8,'2025-08-28','16:32:34','오늘 맛있는거 먹어서 기분이 나아졌어ㅎㅎ','와, 정말 다행이에요! 맛있는 음식이 기분을 많이 끌어올려줄 수 있죠. 어떤 걸 드셨는지 궁금하네요! 계속해서 기쁜 기분 이어가세요. 필요한 날은 언제든지 맛있는 음식을 찾아보는 것도 좋아요! 😊✨'),(70,8,'2025-08-28','16:32:52','친구들도 만나고 즐거운 하루였어','그렇군요! 친구들과 함께 시간을 보내고 즐거운 하루를 보냈다니 정말 좋네요! 소중한 사람들과의 시간은 기분을 더 좋게 만들어주죠. 앞으로도 좋은 기억들을 많이 쌓길 바라요. 오늘 하루가 특별한 하루가 되었기를 바랍니다! 😊💖'),(71,6,'2025-08-28','16:39:22','배아파','배가 아프시다니 불편하시겠어요. 짬뽕 때문에 위장에 문제가 생겼을 수도 있겠네요. 배가 아플 때는 다음과 같은 방법들이 도움이 될 수 있어요:\n\n1. **따뜻한 찜질**: 따뜻한 물주머니나 찜질팩을 배에 올려두면 경련이 완화될 수 있어요.\n   \n2. **편안한 자세**: 누워서 편안한 자세를 취하거나, 무릎을 가슴 쪽으로 끌어당겨보세요.\n\n3. **가벼운 스트레칭**: 부드러운 스트레칭도 도움이 될 수 있어요.\n\n4. **수분 섭취**: 물을 조금씩 마시는 것도 좋습니다.\n\n5. **소화가 잘 되는 음식**: 필요하다면 약간의 죽이나 바나나같이 소화가 잘 되는 음식을 섭취해보세요.\n\n만약 통증이 심하거나 오래 지속된다면, 꼭 전문가와 상담하시는 것이 좋습니다. 빠른 쾌유를 바랍니다!'),(72,3,'2025-08-28','17:23:58','하이 ㅇ나 오늘 조 ㅁ화가나네','안녕하세요! 화가 나셨군요. 어떤 일이 있었는지 이야기하고 싶으신가요? 화가 나는 일은 누구에게나 있을 수 있는데, 그 감정을 나누는 것이 도움이 될 수 있어요. 편하게 말씀해 주세요!'),(73,4,'2025-08-29','09:52:59','gdgd','무슨 뜻인지 잘 모르겠어요! \"gdgd\"가 어떤 의미인지 좀 더 설명해 주실 수 있나요? 아니면 다른 이야기를 하고 싶으신가요?'),(75,7,'2025-08-29','09:55:36','안녕','안녕하세요! 어떻게 지내고 계신가요? 도움이 필요하시면 언제든지 말씀해 주세요.'),(77,7,'2025-08-29','10:05:00','나 오늘 우울해','오늘 우울한 기분이시군요. 그런 기분이 드는 건 정말 힘든 일이죠. 혹시 어떤 일이 있어서 그러신지 나누고 싶으신가요? 이야기해보는 것만으로도 느끼는 감정이 조금은 나아질 수 있습니다.'),(78,7,'2025-08-29','10:08:37','요즘 챗봇이 맘에 안드는데','그렇군요, 요즘 챗봇에 대한 불만이 있으신 것 같네요. 어떤 점이 마음에 들지 않으세요? 구체적으로 말해주시면, 개선할 수 있는 부분이나 효과적으로 대화하는 방법에 대해 이야기해볼 수 있을 것입니다. 당신의 생각을 듣고 싶어요.'),(79,7,'2025-08-29','10:09:46','   ','혹시 다른 이야기를 나누고 싶으신가요? 마음 속에 있는 것을 편하게 말씀해 주세요. 언제든지 도와드릴 준비가 되어 있습니다.'),(80,7,'2025-08-29','10:11:55','ㅁㄴㅇ123','입력하신 내용이 조금 잘못된 것 같아요. 추가로 말씀하고 싶은 내용이 있으면 알려주세요! 어떤 주제든지 이야기를 나눠볼 수 있습니다.'),(81,7,'2025-08-29','10:12:30','오늘 기분이 좋아','기분이 좋으시다니 정말 반가워요! 어떤 일이 있어서 기분이 좋으신가요? 좋은 기분을 나누면 더 기분이 좋아질 수 있어요.'),(82,7,'2025-08-29','10:12:50','오늘 기분이 쨰져','기분이 안 좋으신가 보군요. 그런 날들도 있는 것 같아요. 어떤 일이 있나요? 혹시 이야기해보고 싶으신 부분이 있다면 들어드릴게요.'),(83,7,'2025-08-29','10:13:21','오늘 기분이 상당히 하늘을 날아갈것 같은 기분이 들어','와, 정말 기분이 좋으신가 봐요! 하늘을 날아갈 것 같은 기분이라니, 정말 멋진 감정이네요. 오늘 특별히 기쁜 일이 있었나요? 그런 기분을 오래도록 유지할 수 있으면 좋겠네요!'),(84,7,'2025-08-29','10:15:51','나 오늘 상사한테 혼났어 참 재밌는 ~ 인생이다','상사에게 혼난 일이 있었군요. 그런 일이 있으면 기분이 안 좋을 수도 있지만, 이렇게 유머러스하게 표현하시는 걸 보니 긍정적인 마인드가 있으신 것 같아요. 인생은 정말 여러 가지 경험이 있죠. 혹시 어떤 일이 있었는지 이야기해 보고 싶으신가요?'),(85,7,'2025-08-29','10:17:32','나 밥먹었어','밥을 드셨군요! 무엇을 드셨나요? 맛있는 음식 이야기는 언제나 즐겁죠. 식사는 잘 하셨는지 궁금해요!'),(86,7,'2025-08-29','10:17:58','중립적인 표현이 뭐가 있을까?','중립적인 표현은 감정이나 판단을 배제하고 사실만을 전달하는 언어입니다. 다음은 몇 가지 예시입니다:\n\n1. **사실 전달**: \n   - \"오늘 기온이 30도입니다.\"\n   - \"회의에서 새로운 프로젝트에 대해 논의했습니다.\"\n\n2. **의견 대신 정보 제시**:\n   - \"이 제품은 3년 보증이 있습니다.\"\n   - \"그 사람은 10년 경력의 전문가입니다.\"\n\n3. **중립적 형용사 사용**:\n   - \"그 영화는 흥미로운 주제를 다룹니다.\"\n   - \"이 책은 다양한 관점을 포함하고 있습니다.\"\n\n중립적인 표현을 사용하는 것은 특히 정보 전달이나 공식적인 상황에서 중요합니다. 상황에 따라 적절한 표현을 선택할 수 있습니다. 필요하신 특정 문맥이 있다면 말씀해 주세요!'),(87,5,'2025-08-29','10:21:49','우울해','우울한 기분이 드는구나. 그런 기분은 정말 힘들지. 혹시 어떤 일이 특히 힘들게 만드는지 이야기해줄 수 있어? 또는 그냥 이야기를 나누고 싶다면 듣고 있을게.'),(88,5,'2025-08-29','10:22:10','눈물날정도로 우울해','정말 힘들겠구나. 그런 기분이 드는 순간은 정말 고통스럽고 외롭지. 누군가에게 이야기하는 것도 도움이 될 수 있어. 혹시 도움이 될 만한 것들이 있을까? 아니면 잠깐이라도 너의 기분을 나눠줄 수 있으면 좋겠어. 여기에 언제든지 털어놓아도 괜찮으니.'),(89,5,'2025-08-29','10:22:24','지하철 놓쳐서 우울하고 배고파서 우울해','지하철을 놓치면 참 속상하고, 배고프면 더 짜증날 수 있어. 그렇게 두 가지가 겹치면 괜히 우울해지기도 해. 혹시 지금 간단하게 먹을 수 있는 것들이 있으면 먹어보는 것도 좋을 것 같아.  그리고 기분이 조금 나아질 수 있도록 뭔가 다른 활동을 해보는 것도 방법일 수 있어. 조금이라도 기분이 나아지기를 바랄게!');
/*!40000 ALTER TABLE `userchat` ENABLE KEYS */;
UNLOCK TABLES;

--
-- Table structure for table `userrecommendation`
--

DROP TABLE IF EXISTS `userrecommendation`;
/*!40101 SET @saved_cs_client     = @@character_set_client */;
/*!50503 SET character_set_client = utf8mb4 */;
CREATE TABLE `userrecommendation` (
  `rec_id` int NOT NULL AUTO_INCREMENT,
  `user_id` int NOT NULL,
  `emotion` varchar(20) COLLATE utf8mb4_general_ci DEFAULT NULL,
  `content_type` enum('movie','drama','music') COLLATE utf8mb4_general_ci DEFAULT NULL,
  `content_id` int NOT NULL,
  `created_at` timestamp NULL DEFAULT CURRENT_TIMESTAMP,
  PRIMARY KEY (`rec_id`),
  KEY `user_id` (`user_id`),
  CONSTRAINT `userrecommendation_ibfk_1` FOREIGN KEY (`user_id`) REFERENCES `member` (`user_id`)
) ENGINE=InnoDB AUTO_INCREMENT=250 DEFAULT CHARSET=utf8mb4 COLLATE=utf8mb4_general_ci;
/*!40101 SET character_set_client = @saved_cs_client */;

--
-- Dumping data for table `userrecommendation`
--

LOCK TABLES `userrecommendation` WRITE;
/*!40000 ALTER TABLE `userrecommendation` DISABLE KEYS */;
INSERT INTO `userrecommendation` VALUES (1,3,'기쁨','drama',21,'2025-08-28 02:53:10'),(2,3,'기쁨','drama',9,'2025-08-28 02:53:10'),(3,3,'기쁨','drama',2,'2025-08-28 02:53:10'),(4,3,'기쁨','movie',209,'2025-08-28 02:53:11'),(5,3,'기쁨','movie',15,'2025-08-28 02:53:11'),(6,3,'기쁨','movie',13,'2025-08-28 02:53:11'),(7,3,'기쁨','drama',21,'2025-08-28 03:07:07'),(8,3,'기쁨','drama',9,'2025-08-28 03:07:07'),(9,3,'기쁨','drama',2,'2025-08-28 03:07:07'),(10,3,'기쁨','movie',209,'2025-08-28 03:07:07'),(11,3,'기쁨','movie',15,'2025-08-28 03:07:07'),(12,3,'기쁨','movie',13,'2025-08-28 03:07:07'),(13,3,'슬픔','drama',13,'2025-08-28 03:12:51'),(14,3,'슬픔','drama',22,'2025-08-28 03:12:51'),(15,3,'슬픔','drama',23,'2025-08-28 03:12:51'),(16,3,'슬픔','movie',183,'2025-08-28 03:12:51'),(17,3,'슬픔','movie',32,'2025-08-28 03:12:51'),(18,3,'슬픔','movie',47,'2025-08-28 03:12:51'),(19,3,'슬픔','drama',13,'2025-08-28 03:19:26'),(20,3,'슬픔','drama',22,'2025-08-28 03:19:26'),(21,3,'슬픔','drama',23,'2025-08-28 03:19:26'),(22,3,'슬픔','movie',183,'2025-08-28 03:19:26'),(23,3,'슬픔','movie',32,'2025-08-28 03:19:26'),(24,3,'슬픔','movie',47,'2025-08-28 03:19:26'),(25,3,'분노','drama',10,'2025-08-28 03:22:43'),(26,3,'분노','drama',38,'2025-08-28 03:22:43'),(27,3,'분노','drama',25,'2025-08-28 03:22:44'),(28,3,'분노','movie',207,'2025-08-28 03:22:44'),(29,3,'분노','movie',10,'2025-08-28 03:22:44'),(30,3,'분노','movie',17,'2025-08-28 03:22:44'),(31,3,'분노','drama',10,'2025-08-28 03:26:47'),(32,3,'분노','drama',25,'2025-08-28 03:26:47'),(33,3,'분노','drama',38,'2025-08-28 03:26:47'),(34,3,'분노','movie',193,'2025-08-28 03:26:47'),(35,3,'분노','movie',215,'2025-08-28 03:26:47'),(36,3,'분노','movie',9,'2025-08-28 03:26:47'),(37,3,'분노','drama',38,'2025-08-28 03:39:19'),(38,3,'분노','drama',34,'2025-08-28 03:39:19'),(39,3,'분노','drama',25,'2025-08-28 03:39:19'),(40,3,'분노','movie',216,'2025-08-28 03:39:19'),(41,3,'분노','movie',193,'2025-08-28 03:39:19'),(42,3,'분노','movie',181,'2025-08-28 03:39:19'),(43,3,'분노','music',22,'2025-08-28 03:44:16'),(44,3,'분노','music',24,'2025-08-28 03:44:16'),(45,3,'분노','music',26,'2025-08-28 03:44:16'),(46,3,'분노','drama',25,'2025-08-28 03:44:16'),(47,3,'분노','drama',10,'2025-08-28 03:44:16'),(48,3,'분노','drama',38,'2025-08-28 03:44:16'),(49,3,'분노','movie',22,'2025-08-28 03:44:16'),(50,3,'분노','movie',200,'2025-08-28 03:44:16'),(51,3,'분노','movie',30,'2025-08-28 03:44:16'),(52,3,'기쁨','music',1,'2025-08-28 03:45:26'),(53,3,'기쁨','music',4,'2025-08-28 03:45:26'),(54,3,'기쁨','music',8,'2025-08-28 03:45:26'),(55,3,'기쁨','drama',7,'2025-08-28 03:45:26'),(56,3,'기쁨','drama',5,'2025-08-28 03:45:26'),(57,3,'기쁨','drama',29,'2025-08-28 03:45:26'),(58,3,'기쁨','movie',27,'2025-08-28 03:45:26'),(59,3,'기쁨','movie',29,'2025-08-28 03:45:26'),(60,3,'기쁨','movie',12,'2025-08-28 03:45:26'),(61,6,'분노','music',22,'2025-08-28 04:31:29'),(62,6,'분노','music',24,'2025-08-28 04:31:29'),(63,6,'분노','music',26,'2025-08-28 04:31:29'),(64,6,'분노','drama',10,'2025-08-28 04:31:29'),(65,6,'분노','drama',34,'2025-08-28 04:31:29'),(66,6,'분노','drama',25,'2025-08-28 04:31:29'),(67,6,'분노','movie',31,'2025-08-28 04:31:29'),(68,6,'분노','movie',203,'2025-08-28 04:31:29'),(69,6,'분노','movie',187,'2025-08-28 04:31:29'),(70,3,'기쁨','music',1,'2025-08-28 04:46:00'),(71,3,'기쁨','music',4,'2025-08-28 04:46:00'),(72,3,'기쁨','music',8,'2025-08-28 04:46:00'),(73,3,'기쁨','drama',7,'2025-08-28 04:46:00'),(74,3,'기쁨','drama',29,'2025-08-28 04:46:00'),(75,3,'기쁨','drama',2,'2025-08-28 04:46:00'),(76,3,'기쁨','movie',7,'2025-08-28 04:46:00'),(77,3,'기쁨','movie',27,'2025-08-28 04:46:00'),(78,3,'기쁨','movie',202,'2025-08-28 04:46:00'),(79,3,'기쁨','music',1,'2025-08-28 05:00:43'),(80,3,'기쁨','music',4,'2025-08-28 05:00:43'),(81,3,'기쁨','music',8,'2025-08-28 05:00:43'),(82,3,'기쁨','drama',17,'2025-08-28 05:00:43'),(83,3,'기쁨','drama',9,'2025-08-28 05:00:43'),(84,3,'기쁨','drama',29,'2025-08-28 05:00:43'),(85,3,'기쁨','movie',45,'2025-08-28 05:00:43'),(86,3,'기쁨','movie',15,'2025-08-28 05:00:43'),(87,3,'기쁨','movie',1,'2025-08-28 05:00:43'),(88,3,'기쁨','music',1,'2025-08-28 05:03:17'),(89,3,'기쁨','music',4,'2025-08-28 05:03:17'),(90,3,'기쁨','music',8,'2025-08-28 05:03:17'),(91,3,'기쁨','drama',21,'2025-08-28 05:03:17'),(92,3,'기쁨','drama',2,'2025-08-28 05:03:17'),(93,3,'기쁨','drama',9,'2025-08-28 05:03:17'),(94,3,'기쁨','movie',7,'2025-08-28 05:03:17'),(95,3,'기쁨','movie',12,'2025-08-28 05:03:17'),(96,3,'기쁨','movie',190,'2025-08-28 05:03:17'),(97,3,'기쁨','music',1,'2025-08-28 05:03:21'),(98,3,'기쁨','music',4,'2025-08-28 05:03:21'),(99,3,'기쁨','music',8,'2025-08-28 05:03:21'),(100,3,'기쁨','drama',2,'2025-08-28 05:03:21'),(101,3,'기쁨','drama',29,'2025-08-28 05:03:21'),(102,3,'기쁨','drama',5,'2025-08-28 05:03:22'),(103,3,'기쁨','movie',202,'2025-08-28 05:03:22'),(104,3,'기쁨','movie',23,'2025-08-28 05:03:22'),(105,3,'기쁨','movie',12,'2025-08-28 05:03:22'),(106,5,'당황','music',23,'2025-08-28 05:10:40'),(107,5,'당황','music',28,'2025-08-28 05:10:40'),(108,5,'당황','music',38,'2025-08-28 05:10:40'),(109,5,'당황','drama',14,'2025-08-28 05:10:40'),(110,5,'당황','drama',15,'2025-08-28 05:10:40'),(111,5,'당황','drama',18,'2025-08-28 05:10:40'),(112,5,'당황','movie',48,'2025-08-28 05:10:40'),(113,5,'당황','movie',25,'2025-08-28 05:10:40'),(114,5,'당황','movie',40,'2025-08-28 05:10:40'),(115,10,'당황','music',23,'2025-08-28 05:48:02'),(116,10,'당황','music',28,'2025-08-28 05:48:02'),(117,10,'당황','music',38,'2025-08-28 05:48:02'),(118,10,'당황','drama',15,'2025-08-28 05:48:02'),(119,10,'당황','drama',19,'2025-08-28 05:48:02'),(120,10,'당황','drama',18,'2025-08-28 05:48:02'),(121,10,'당황','movie',48,'2025-08-28 05:48:02'),(122,10,'당황','movie',46,'2025-08-28 05:48:02'),(123,10,'당황','movie',51,'2025-08-28 05:48:02'),(124,4,'기쁨','music',1,'2025-08-28 06:07:41'),(125,4,'기쁨','music',4,'2025-08-28 06:07:41'),(126,4,'기쁨','music',8,'2025-08-28 06:07:41'),(127,4,'기쁨','drama',30,'2025-08-28 06:07:41'),(128,4,'기쁨','drama',17,'2025-08-28 06:07:41'),(129,4,'기쁨','drama',2,'2025-08-28 06:07:41'),(130,4,'기쁨','movie',26,'2025-08-28 06:07:41'),(131,4,'기쁨','movie',45,'2025-08-28 06:07:41'),(132,4,'기쁨','movie',59,'2025-08-28 06:07:41'),(133,8,'슬픔','music',6,'2025-08-28 07:31:15'),(134,8,'슬픔','music',16,'2025-08-28 07:31:15'),(135,8,'슬픔','music',17,'2025-08-28 07:31:15'),(136,8,'슬픔','drama',22,'2025-08-28 07:31:15'),(137,8,'슬픔','drama',23,'2025-08-28 07:31:15'),(138,8,'슬픔','drama',27,'2025-08-28 07:31:15'),(139,8,'슬픔','movie',57,'2025-08-28 07:31:15'),(140,8,'슬픔','movie',21,'2025-08-28 07:31:15'),(141,8,'슬픔','movie',5,'2025-08-28 07:31:15'),(142,7,'상처','music',2,'2025-08-28 07:31:20'),(143,7,'상처','music',3,'2025-08-28 07:31:20'),(144,7,'상처','music',5,'2025-08-28 07:31:20'),(145,7,'상처','drama',37,'2025-08-28 07:31:20'),(146,7,'상처','drama',28,'2025-08-28 07:31:20'),(147,7,'상처','drama',26,'2025-08-28 07:31:20'),(148,7,'상처','movie',11,'2025-08-28 07:31:20'),(149,7,'상처','movie',52,'2025-08-28 07:31:20'),(150,7,'상처','movie',43,'2025-08-28 07:31:21'),(151,11,'불안','music',9,'2025-08-28 07:32:38'),(152,11,'불안','music',25,'2025-08-28 07:32:38'),(153,11,'불안','music',33,'2025-08-28 07:32:38'),(154,11,'불안','drama',11,'2025-08-28 07:32:38'),(155,11,'불안','drama',8,'2025-08-28 07:32:38'),(156,11,'불안','drama',33,'2025-08-28 07:32:38'),(157,11,'불안','movie',44,'2025-08-28 07:32:38'),(158,11,'불안','movie',4,'2025-08-28 07:32:38'),(159,11,'불안','movie',42,'2025-08-28 07:32:38'),(160,8,'기쁨','music',1,'2025-08-28 07:32:58'),(161,8,'기쁨','music',4,'2025-08-28 07:32:58'),(162,8,'기쁨','music',8,'2025-08-28 07:32:58'),(163,8,'기쁨','drama',1,'2025-08-28 07:32:58'),(164,8,'기쁨','drama',7,'2025-08-28 07:32:58'),(165,8,'기쁨','drama',17,'2025-08-28 07:32:58'),(166,8,'기쁨','movie',45,'2025-08-28 07:32:58'),(167,8,'기쁨','movie',209,'2025-08-28 07:32:58'),(168,8,'기쁨','movie',12,'2025-08-28 07:32:58'),(169,8,'슬픔','music',6,'2025-08-28 07:33:40'),(170,8,'슬픔','music',16,'2025-08-28 07:33:40'),(171,8,'슬픔','music',17,'2025-08-28 07:33:40'),(172,8,'슬픔','drama',13,'2025-08-28 07:33:40'),(173,8,'슬픔','drama',22,'2025-08-28 07:33:40'),(174,8,'슬픔','drama',23,'2025-08-28 07:33:40'),(175,8,'슬픔','movie',41,'2025-08-28 07:33:40'),(176,8,'슬픔','movie',21,'2025-08-28 07:33:40'),(177,8,'슬픔','movie',5,'2025-08-28 07:33:40'),(178,6,'슬픔','music',6,'2025-08-28 07:39:28'),(179,6,'슬픔','music',16,'2025-08-28 07:39:28'),(180,6,'슬픔','music',17,'2025-08-28 07:39:28'),(181,6,'슬픔','drama',16,'2025-08-28 07:39:28'),(182,6,'슬픔','drama',23,'2025-08-28 07:39:28'),(183,6,'슬픔','drama',13,'2025-08-28 07:39:28'),(184,6,'슬픔','movie',53,'2025-08-28 07:39:28'),(185,6,'슬픔','movie',47,'2025-08-28 07:39:28'),(186,6,'슬픔','movie',183,'2025-08-28 07:39:28'),(187,3,'분노','music',22,'2025-08-28 08:24:24'),(188,3,'분노','music',24,'2025-08-28 08:24:24'),(189,3,'분노','music',26,'2025-08-28 08:24:24'),(190,3,'분노','drama',25,'2025-08-28 08:24:24'),(191,3,'분노','drama',34,'2025-08-28 08:24:24'),(192,3,'분노','drama',38,'2025-08-28 08:24:24'),(193,3,'분노','movie',17,'2025-08-28 08:24:24'),(194,3,'분노','movie',31,'2025-08-28 08:24:24'),(195,3,'분노','movie',9,'2025-08-28 08:24:24'),(196,8,'슬픔','music',6,'2025-08-29 00:33:18'),(197,8,'슬픔','music',16,'2025-08-29 00:33:18'),(198,8,'슬픔','music',17,'2025-08-29 00:33:18'),(199,8,'슬픔','drama',27,'2025-08-29 00:33:18'),(200,8,'슬픔','drama',22,'2025-08-29 00:33:18'),(201,8,'슬픔','drama',13,'2025-08-29 00:33:18'),(202,8,'슬픔','movie',8,'2025-08-29 00:33:18'),(203,8,'슬픔','movie',47,'2025-08-29 00:33:18'),(204,8,'슬픔','movie',5,'2025-08-29 00:33:18'),(205,7,'슬픔','music',6,'2025-08-29 00:54:22'),(206,7,'슬픔','music',16,'2025-08-29 00:54:22'),(207,7,'슬픔','music',17,'2025-08-29 00:54:22'),(208,7,'슬픔','drama',16,'2025-08-29 00:54:22'),(209,7,'슬픔','drama',13,'2025-08-29 00:54:22'),(210,7,'슬픔','drama',22,'2025-08-29 00:54:22'),(211,7,'슬픔','movie',57,'2025-08-29 00:54:22'),(212,7,'슬픔','movie',49,'2025-08-29 00:54:22'),(213,7,'슬픔','movie',53,'2025-08-29 00:54:22'),(214,7,'슬픔','music',6,'2025-08-29 01:05:10'),(215,7,'슬픔','music',16,'2025-08-29 01:05:10'),(216,7,'슬픔','music',17,'2025-08-29 01:05:10'),(217,7,'슬픔','drama',16,'2025-08-29 01:05:10'),(218,7,'슬픔','drama',23,'2025-08-29 01:05:10'),(219,7,'슬픔','drama',27,'2025-08-29 01:05:10'),(220,7,'슬픔','movie',53,'2025-08-29 01:05:10'),(221,7,'슬픔','movie',18,'2025-08-29 01:05:10'),(222,7,'슬픔','movie',8,'2025-08-29 01:05:10'),(223,7,'슬픔','music',6,'2025-08-29 01:08:46'),(224,7,'슬픔','music',16,'2025-08-29 01:08:46'),(225,7,'슬픔','music',17,'2025-08-29 01:08:46'),(226,7,'슬픔','drama',16,'2025-08-29 01:08:46'),(227,7,'슬픔','drama',13,'2025-08-29 01:08:46'),(228,7,'슬픔','drama',3,'2025-08-29 01:08:46'),(229,7,'슬픔','movie',18,'2025-08-29 01:08:46'),(230,7,'슬픔','movie',41,'2025-08-29 01:08:46'),(231,7,'슬픔','movie',32,'2025-08-29 01:08:46'),(232,7,'기쁨','music',1,'2025-08-29 01:12:38'),(233,7,'기쁨','music',4,'2025-08-29 01:12:38'),(234,7,'기쁨','music',8,'2025-08-29 01:12:38'),(235,7,'기쁨','drama',9,'2025-08-29 01:12:38'),(236,7,'기쁨','drama',17,'2025-08-29 01:12:38'),(237,7,'기쁨','drama',5,'2025-08-29 01:12:38'),(238,7,'기쁨','movie',13,'2025-08-29 01:12:38'),(239,7,'기쁨','movie',12,'2025-08-29 01:12:38'),(240,7,'기쁨','movie',59,'2025-08-29 01:12:38'),(241,7,'기쁨','music',1,'2025-08-29 01:17:39'),(242,7,'기쁨','music',4,'2025-08-29 01:17:39'),(243,7,'기쁨','music',8,'2025-08-29 01:17:39'),(244,7,'기쁨','drama',5,'2025-08-29 01:17:39'),(245,7,'기쁨','drama',29,'2025-08-29 01:17:39'),(246,7,'기쁨','drama',21,'2025-08-29 01:17:39'),(247,7,'기쁨','movie',27,'2025-08-29 01:17:39'),(248,7,'기쁨','movie',26,'2025-08-29 01:17:39'),(249,7,'기쁨','movie',13,'2025-08-29 01:17:39');
/*!40000 ALTER TABLE `userrecommendation` ENABLE KEYS */;
UNLOCK TABLES;

--
-- Table structure for table `usersession`
--

DROP TABLE IF EXISTS `usersession`;
/*!40101 SET @saved_cs_client     = @@character_set_client */;
/*!50503 SET character_set_client = utf8mb4 */;
CREATE TABLE `usersession` (
  `session_id` int NOT NULL AUTO_INCREMENT,
  `user_id` int NOT NULL,
  `login_id` varchar(50) COLLATE utf8mb4_general_ci NOT NULL,
  `login_date` date NOT NULL,
  `login_time` datetime DEFAULT CURRENT_TIMESTAMP,
  `logout_time` datetime DEFAULT NULL,
  PRIMARY KEY (`session_id`),
  KEY `user_id` (`user_id`),
  KEY `login_id` (`login_id`),
  CONSTRAINT `usersession_ibfk_1` FOREIGN KEY (`user_id`) REFERENCES `member` (`user_id`),
  CONSTRAINT `usersession_ibfk_2` FOREIGN KEY (`login_id`) REFERENCES `member` (`login_id`)
) ENGINE=InnoDB DEFAULT CHARSET=utf8mb4 COLLATE=utf8mb4_general_ci;
/*!40101 SET character_set_client = @saved_cs_client */;

--
-- Dumping data for table `usersession`
--

LOCK TABLES `usersession` WRITE;
/*!40000 ALTER TABLE `usersession` DISABLE KEYS */;
/*!40000 ALTER TABLE `usersession` ENABLE KEYS */;
UNLOCK TABLES;
/*!40103 SET TIME_ZONE=@OLD_TIME_ZONE */;

/*!40101 SET SQL_MODE=@OLD_SQL_MODE */;
/*!40014 SET FOREIGN_KEY_CHECKS=@OLD_FOREIGN_KEY_CHECKS */;
/*!40014 SET UNIQUE_CHECKS=@OLD_UNIQUE_CHECKS */;
/*!40101 SET CHARACTER_SET_CLIENT=@OLD_CHARACTER_SET_CLIENT */;
/*!40101 SET CHARACTER_SET_RESULTS=@OLD_CHARACTER_SET_RESULTS */;
/*!40101 SET COLLATION_CONNECTION=@OLD_COLLATION_CONNECTION */;
/*!40111 SET SQL_NOTES=@OLD_SQL_NOTES */;

-- Dump completed on 2025-08-29 10:26:42
